-- MySQL dump 10.13  Distrib 5.6.13, for osx10.8 (x86_64)
--
-- Host: us-cdbr-east-04.cleardb.com    Database: heroku_7479449a102c472
-- ------------------------------------------------------
-- Server version	5.5.31-log

/*!40101 SET @OLD_CHARACTER_SET_CLIENT=@@CHARACTER_SET_CLIENT */;
/*!40101 SET @OLD_CHARACTER_SET_RESULTS=@@CHARACTER_SET_RESULTS */;
/*!40101 SET @OLD_COLLATION_CONNECTION=@@COLLATION_CONNECTION */;
/*!40101 SET NAMES utf8 */;
/*!40103 SET @OLD_TIME_ZONE=@@TIME_ZONE */;
/*!40103 SET TIME_ZONE='+00:00' */;
/*!40014 SET @OLD_UNIQUE_CHECKS=@@UNIQUE_CHECKS, UNIQUE_CHECKS=0 */;
/*!40014 SET @OLD_FOREIGN_KEY_CHECKS=@@FOREIGN_KEY_CHECKS, FOREIGN_KEY_CHECKS=0 */;
/*!40101 SET @OLD_SQL_MODE=@@SQL_MODE, SQL_MODE='NO_AUTO_VALUE_ON_ZERO' */;
/*!40111 SET @OLD_SQL_NOTES=@@SQL_NOTES, SQL_NOTES=0 */;

--
-- Table structure for table `games`
--

DROP TABLE IF EXISTS `games`;
/*!40101 SET @saved_cs_client     = @@character_set_client */;
/*!40101 SET character_set_client = utf8 */;
CREATE TABLE `games` (
  `id` int(11) NOT NULL AUTO_INCREMENT,
  `name` varchar(255) NOT NULL,
  `created_at` datetime NOT NULL,
  `updated_at` datetime NOT NULL,
  `rating_type` varchar(255) DEFAULT NULL,
  `min_number_of_teams` int(11) DEFAULT NULL,
  `max_number_of_teams` int(11) DEFAULT NULL,
  `min_number_of_players_per_team` int(11) DEFAULT NULL,
  `max_number_of_players_per_team` int(11) DEFAULT NULL,
  `allow_ties` tinyint(1) DEFAULT NULL,
  PRIMARY KEY (`id`)
) ENGINE=InnoDB AUTO_INCREMENT=11 DEFAULT CHARSET=utf8;
/*!40101 SET character_set_client = @saved_cs_client */;

--
-- Dumping data for table `games`
--

LOCK TABLES `games` WRITE;
/*!40000 ALTER TABLE `games` DISABLE KEYS */;
INSERT INTO `games` VALUES (1,'Ping Pong','2013-12-17 21:17:10','2013-12-17 21:17:10','trueskill',2,2,1,2,0);
/*!40000 ALTER TABLE `games` ENABLE KEYS */;
UNLOCK TABLES;

--
-- Table structure for table `players`
--

DROP TABLE IF EXISTS `players`;
/*!40101 SET @saved_cs_client     = @@character_set_client */;
/*!40101 SET character_set_client = utf8 */;
CREATE TABLE `players` (
  `id` int(11) NOT NULL AUTO_INCREMENT,
  `name` varchar(255) NOT NULL,
  `created_at` datetime NOT NULL,
  `updated_at` datetime NOT NULL,
  `email` varchar(255) DEFAULT NULL,
  `encrypted_password` varchar(255) NOT NULL DEFAULT '',
  `reset_password_token` varchar(255) DEFAULT NULL,
  `reset_password_sent_at` datetime DEFAULT NULL,
  `remember_created_at` datetime DEFAULT NULL,
  `sign_in_count` int(11) NOT NULL DEFAULT '0',
  `current_sign_in_at` datetime DEFAULT NULL,
  `last_sign_in_at` datetime DEFAULT NULL,
  `current_sign_in_ip` varchar(255) DEFAULT NULL,
  `last_sign_in_ip` varchar(255) DEFAULT NULL,
  `admin` tinyint(1) DEFAULT NULL,
  PRIMARY KEY (`id`),
  UNIQUE KEY `index_players_on_email` (`email`),
  UNIQUE KEY `index_players_on_reset_password_token` (`reset_password_token`)
) ENGINE=InnoDB AUTO_INCREMENT=211 DEFAULT CHARSET=utf8;
/*!40101 SET character_set_client = @saved_cs_client */;

--
-- Dumping data for table `players`
--

LOCK TABLES `players` WRITE;
/*!40000 ALTER TABLE `players` DISABLE KEYS */;
INSERT INTO `players` VALUES (1,'Joshua Kappers','2013-12-17 21:17:08','2014-01-21 19:18:38','jkappers@kalkomey.com','$2a$10$1A71oKmjbok5.Lo0TREsduUrqed3slDZIC.CNtD8/I.FEDJ6sxpbK','6d9847728303830ed663c264f1c1707c49d0328aeafc151c218973b6a0f45a7d','2014-01-17 21:44:47',NULL,13,'2014-01-21 19:18:38','2014-01-20 20:34:36','68.90.30.246','68.90.30.246',1),(11,'Jason Alexander','2013-12-17 21:17:08','2014-01-17 17:00:56','jalexander@kalkomey.com','$2a$10$thOpiERwJ18wut89GAX9y.MToSNT37j9D3YvFyZxBBXYISwytzhOu','9b6456846130b8217f6bd7e5b324c3f7326fe1ed368f667cf4dfd2a30a7dd50c','2014-01-17 16:56:38',NULL,1,'2014-01-17 17:00:56','2014-01-17 17:00:56','68.90.30.246','68.90.30.246',NULL),(21,'Kevin Clark','2013-12-17 21:17:08','2014-01-21 21:26:31','kclark@kalkomey.com','$2a$10$VVdvlATAZqihtKNwUiX0suFtZw06e6.FtN3dA.s0pPs0hJzvSSm4a',NULL,NULL,NULL,27,'2014-01-21 21:26:31','2014-01-21 18:07:21','68.90.30.246','166.147.72.169',NULL),(31,'Mike Mayo','2013-12-17 21:17:08','2014-01-22 20:17:58','mmayo@kalkomey.com','$2a$10$H8rxLtDc4sfcxrWEAYjNi.uZCMgbLsNlZdHKFVRgf8tLJK1D1LEUK',NULL,NULL,'2013-12-19 20:26:38',15,'2014-01-22 20:17:58','2014-01-22 02:38:43','68.90.30.246','108.232.94.129',NULL),(41,'Ado Bitar','2013-12-17 21:17:08','2014-01-21 17:25:51','abitar@kalkomey.com','$2a$10$jJHPsmLkUr6bmw1gDqxHL.kLzLhAGj2RitYSfoo1ARtXL9BCQ05KW',NULL,NULL,'2014-01-17 16:56:28',3,'2014-01-21 17:25:48','2014-01-17 16:56:32','68.90.30.246','68.90.30.246',NULL),(51,'Aziz Punjani','2013-12-17 21:17:08','2014-01-20 13:31:10','apunjani@kalkomey.com','$2a$10$hcQqxiuMChCkFq5leKVv9uZGhN1WJvj2ygtnipm94/YFbF/1nis2C','47dd8c6f564ae8e9e93bc6810d5ab5d356ffdd525c96dffe481ad1fe6fa8a24f','2013-12-18 21:31:52',NULL,33,'2014-01-20 13:31:10','2014-01-18 01:02:51','68.90.30.246','71.123.141.77',NULL),(61,'Jeremy Perez','2013-12-17 21:17:09','2013-12-18 20:40:37','jperez@kalkomey.com','$2a$10$/WEKQABP1fFyfUt18P4JfOtdlhJ.7qhHQRLeMP3GKe9aNoELOurz.',NULL,NULL,NULL,1,'2013-12-18 20:40:37','2013-12-18 20:40:37','68.90.30.246','68.90.30.246',NULL),(71,'Chris Krailo','2013-12-17 21:17:09','2014-01-20 17:56:10','ckrailo@kalkomey.com','$2a$10$VZ1X86Jy9kTmJyuYGjehq.4Mh4IuiGIL/aNfk3m9eSYNgD5P2xUrO','QoKW3xtsBwcHYRNGbkip',NULL,NULL,1,'2014-01-20 17:56:10','2014-01-20 17:56:10','68.90.30.246','68.90.30.246',NULL),(81,'Bradley Griffith','2013-12-17 21:17:09','2013-12-17 21:17:09','bgriffith@kalkomey.com','$2a$10$pTPiSBlbG.s7ri1Z6/dbPebB6a4lRmVNjVcMOzk3lZPFnfW3Hg2IO',NULL,NULL,NULL,0,NULL,NULL,NULL,NULL,NULL),(91,'Michael Criswell','2013-12-17 21:17:09','2013-12-20 18:55:51','mcriswell@kalkomey.com','$2a$10$0YXMRI65zqpeMKPLT.XKb.2a.Ws5QyjvWluDEqNopNDipJoxg4yAG',NULL,NULL,NULL,2,'2013-12-20 18:55:51','2013-12-18 21:05:56','68.90.30.246','68.90.30.246',NULL),(101,'Andy Rutledge','2013-12-17 21:17:09','2014-01-21 15:45:15','arutledge@kalkomey.com','$2a$10$yTfzBPa8RimMH3xk8DZRHeEC/4yrHHBW5unqtwz1fWmaYghV1BlB2',NULL,NULL,'2013-12-20 19:06:47',9,'2014-01-21 15:45:15','2014-01-15 18:57:45','68.90.30.246','68.90.30.246',NULL),(111,'Edward Cossette','2013-12-17 21:17:09','2014-01-17 21:39:24','ecossette@kalkomey.com','$2a$10$0TDAA/.aiEKCBZtGYA.2D.Hj9oODxlQU4vtbJkg1lMjgaT6WCzZBu',NULL,NULL,NULL,2,'2014-01-17 21:39:24','2013-12-18 17:43:05','68.90.30.246','68.90.30.246',NULL),(121,'Wes Johnson','2013-12-17 21:17:09','2014-01-12 02:37:47','wjohnson@kalkomey.com','$2a$10$WtnGyqG83GSGHRA1PUHVd.Oddj3Zkur5atXvzAe2Rojw1K7A/4CHq',NULL,NULL,NULL,5,'2014-01-12 02:37:47','2014-01-07 04:56:55','76.187.33.63','76.187.33.63',NULL),(131,'Ryan Rushing','2013-12-17 21:17:09','2014-01-23 00:38:09','get@ryan-rushing.com','$2a$10$yanUDMgd0vXsO5eYaq5oQunvpJ9exCpuCC4QlGdab1m82nLEZxJui',NULL,NULL,NULL,24,'2014-01-23 00:38:09','2014-01-21 21:54:20','76.187.170.148','68.90.30.246',NULL),(141,'Jay Sparks','2013-12-17 21:17:09','2014-01-22 20:11:27','jsparks@kalkomey.com','$2a$10$VhDotswRRatUfk04rGg71uWElcJOvyb6clg1q/TOkuXiNw.5tiwI2','63d0e31d85737eb407635d2b15183f391ca6cf289c9caf67d636aa8b45afd72a','2013-12-18 19:07:16','2014-01-13 22:57:03',45,'2014-01-22 20:11:27','2014-01-22 18:12:29','68.90.30.246','68.90.30.246',NULL),(151,'Christian Bradford','2013-12-19 16:50:32','2013-12-19 16:50:32','cbradford@kalkomey.com','$2a$10$KqPQafK1qo5xLrvUDWwdeed.85HYLHfhBO6M4gKdgcQJhKegl.LoW',NULL,NULL,NULL,1,'2013-12-19 16:50:32','2013-12-19 16:50:32','68.90.30.246','68.90.30.246',NULL),(161,'Blake Danner','2013-12-19 23:46:00','2013-12-19 23:46:00','blake.danner@gmail.com','$2a$10$WoVxKMFgD6/P7t4lchISpe6E/g6oYWck6QSh.zDkmjLvXLFe1L6g2',NULL,NULL,NULL,1,'2013-12-19 23:46:00','2013-12-19 23:46:00','68.90.30.246','68.90.30.246',NULL),(171,'Zarathustra','2013-12-20 00:37:47','2014-01-15 22:19:32','bradley.j.griffith@gmail.com','$2a$10$wzEx.wjqY3Ho6mvxHHi3Qe2X4DaMIeeOvSDSz3G1ksJKAgulQmdrG',NULL,NULL,NULL,2,'2014-01-15 22:19:32','2013-12-20 00:37:47','68.90.30.246','68.90.30.246',NULL),(181,'Kevin Clark (Left)','2014-01-02 21:46:21','2014-01-02 21:46:21','kevin@texasviking.com','$2a$10$P/CzgIQasMraDbVDfTMMo.K/iNQiq76LJozPeA/XmV2E0BE1S5cUm',NULL,NULL,NULL,1,'2014-01-02 21:46:21','2014-01-02 21:46:21','68.90.30.246','68.90.30.246',NULL),(191,'Kevin Clark (Tiny Paddle)','2014-01-03 16:45:26','2014-01-03 16:45:26','kclark.public@gmail.com','$2a$10$yaIY3Xg9s2wKns.9YkhzaeXNs0uxv/R2jOBhceCINw0v.qrWv989u',NULL,NULL,NULL,1,'2014-01-03 16:45:26','2014-01-03 16:45:26','68.90.30.246','68.90.30.246',NULL),(201,'Joshua Kappers (Test)','2014-01-17 21:58:32','2014-01-17 21:58:32','josh@jkappers.me','$2a$10$0rZKyXORlCEVEHy0EqBh/ueKkNH5uI0tw3FlzWu50vTBOpa4tqcj2',NULL,NULL,NULL,1,'2014-01-17 21:58:32','2014-01-17 21:58:32','68.90.30.246','68.90.30.246',NULL);
/*!40000 ALTER TABLE `players` ENABLE KEYS */;
UNLOCK TABLES;

--
-- Table structure for table `players_teams`
--

DROP TABLE IF EXISTS `players_teams`;
/*!40101 SET @saved_cs_client     = @@character_set_client */;
/*!40101 SET character_set_client = utf8 */;
CREATE TABLE `players_teams` (
  `id` int(11) NOT NULL AUTO_INCREMENT,
  `player_id` int(11) DEFAULT NULL,
  `team_id` int(11) DEFAULT NULL,
  PRIMARY KEY (`id`)
) ENGINE=InnoDB AUTO_INCREMENT=4341 DEFAULT CHARSET=utf8;
/*!40101 SET character_set_client = @saved_cs_client */;

--
-- Dumping data for table `players_teams`
--

LOCK TABLES `players_teams` WRITE;
/*!40000 ALTER TABLE `players_teams` DISABLE KEYS */;
INSERT INTO `players_teams` VALUES (1,1,1),(11,21,1),(21,101,11),(31,51,11),(41,21,21),(51,101,31),(61,101,41),(71,51,51),(81,21,61),(91,11,71),(101,21,81),(111,51,91),(121,101,101),(131,61,111),(141,1,121),(151,31,121),(161,51,131),(171,61,131),(181,101,141),(191,1,151),(201,121,161),(211,131,171),(221,101,181),(231,51,191),(241,121,201),(251,141,211),(261,31,221),(271,1,231),(281,131,241),(291,51,251),(301,141,261),(311,101,271),(321,21,281),(331,31,291),(341,61,301),(351,121,301),(361,1,311),(371,31,311),(381,141,321),(391,121,321),(401,151,331),(411,131,331),(421,131,341),(431,1,351),(441,51,361),(451,61,371),(461,131,381),(471,51,391),(481,1,401),(491,31,401),(501,51,411),(511,61,411),(521,121,421),(531,141,431),(541,21,441),(551,101,451),(561,141,461),(571,111,471),(581,101,481),(591,131,491),(601,1,501),(611,41,511),(621,31,521),(631,51,531),(641,141,541),(651,131,541),(661,151,551),(671,121,551),(681,21,561),(691,141,571),(701,31,581),(711,1,591),(721,1,601),(731,81,611),(741,121,621),(751,21,631),(761,131,641),(771,31,651),(781,61,661),(791,1,671),(801,41,681),(811,81,691),(821,61,701),(831,21,701),(841,1,711),(851,131,711),(861,121,721),(871,101,731),(881,51,741),(891,61,751),(901,51,761),(911,1,771),(921,141,781),(931,131,791),(941,101,801),(951,121,801),(961,51,811),(971,131,811),(981,111,821),(991,101,831),(1001,51,841),(1011,151,851),(1021,41,861),(1031,61,861),(1041,81,871),(1051,1,871),(1061,51,881),(1071,61,891),(1081,21,901),(1091,51,911),(1101,51,921),(1111,61,921),(1121,41,931),(1131,21,931),(1141,21,941),(1151,51,951),(1161,21,961),(1171,51,971),(1181,21,981),(1191,51,991),(1201,61,1001),(1211,51,1011),(1221,51,1021),(1231,61,1031),(1241,21,1041),(1251,51,1051),(1261,21,1061),(1271,51,1071),(1281,21,1081),(1291,61,1091),(1301,101,1101),(1311,51,1111),(1321,141,1121),(1331,121,1121),(1341,51,1131),(1351,61,1131),(1361,121,1141),(1371,51,1151),(1381,51,1161),(1391,141,1161),(1401,61,1171),(1411,1,1171),(1421,51,1181),(1431,141,1181),(1441,61,1191),(1451,1,1191),(1461,141,1201),(1471,21,1211),(1481,141,1221),(1491,51,1231),(1501,121,1241),(1511,141,1251),(1521,51,1261),(1531,131,1271),(1541,61,1281),(1551,21,1281),(1561,41,1291),(1571,11,1291),(1581,41,1301),(1591,61,1301),(1601,11,1311),(1611,181,1311),(1621,21,1321),(1631,121,1331),(1641,41,1341),(1651,191,1351),(1661,141,1361),(1671,121,1361),(1681,61,1371),(1691,131,1371),(1701,51,1381),(1711,61,1381),(1721,1,1391),(1731,31,1391),(1741,121,1401),(1751,51,1411),(1761,21,1421),(1771,141,1431),(1781,41,1441),(1791,31,1441),(1801,81,1451),(1811,1,1451),(1821,41,1461),(1831,31,1461),(1841,81,1471),(1851,1,1471),(1861,1,1481),(1871,121,1481),(1881,151,1491),(1891,141,1491),(1901,1,1501),(1911,31,1511),(1921,131,1521),(1931,51,1531),(1941,101,1541),(1951,51,1551),(1961,141,1561),(1971,121,1561),(1981,101,1571),(1991,151,1571),(2001,21,1581),(2011,1,1591),(2021,21,1601),(2031,1,1611),(2041,1,1621),(2051,31,1621),(2061,51,1631),(2071,61,1631),(2081,121,1641),(2091,141,1651),(2101,51,1661),(2111,141,1671),(2241,151,1801),(2251,121,1801),(2261,51,1811),(2271,141,1811),(2281,21,1821),(2291,101,1831),(2301,121,1841),(2311,141,1851),(2321,51,1861),(2331,101,1871),(2341,181,1881),(2351,1,1891),(2361,141,1901),(2371,51,1911),(2381,1,1921),(2391,181,1921),(2401,11,1931),(2411,31,1931),(2421,11,1941),(2431,1,1941),(2441,181,1951),(2451,31,1951),(2461,1,1961),(2471,21,1961),(2481,51,1971),(2491,31,1971),(2501,131,1981),(2511,121,1981),(2521,51,1991),(2531,151,1991),(2541,51,2001),(2551,121,2001),(2561,151,2011),(2571,131,2011),(2581,131,2021),(2591,31,2031),(2601,51,2041),(2611,31,2041),(2621,151,2051),(2631,121,2051),(2641,1,2061),(2651,21,2061),(2661,41,2071),(2671,131,2071),(2681,1,2081),(2691,31,2081),(2701,51,2091),(2711,61,2091),(2721,21,2101),(2731,101,2111),(2741,51,2121),(2751,101,2131),(2761,51,2141),(2771,21,2141),(2781,141,2151),(2791,121,2151),(2801,31,2161),(2811,121,2161),(2821,141,2171),(2831,1,2171),(2841,31,2181),(2851,1,2191),(2861,141,2201),(2871,51,2211),(2881,101,2221),(2891,131,2231),(2901,131,2241),(2911,141,2251),(2921,141,2261),(2931,131,2271),(2941,151,2281),(2951,141,2281),(2961,51,2291),(2971,61,2291),(2981,41,2301),(2991,101,2301),(3001,81,2311),(3011,111,2311),(3021,121,2321),(3031,51,2331),(3041,111,2341),(3051,121,2341),(3061,141,2351),(3071,131,2351),(3081,51,2361),(3091,1,2361),(3101,61,2371),(3111,31,2371),(3161,1,2401),(3171,131,2411),(3181,51,2421),(3191,101,2431),(3201,21,2441),(3211,141,2451),(3221,1,2461),(3231,81,2471),(3241,21,2481),(3251,1,2491),(3261,121,2501),(3271,141,2511),(3281,51,2521),(3291,141,2531),(3301,141,2541),(3311,51,2551),(3321,1,2561),(3331,121,2561),(3341,141,2571),(3351,31,2571),(3361,31,2581),(3371,121,2581),(3381,141,2591),(3391,1,2591),(3401,21,2601),(3411,101,2611),(3421,111,2621),(3431,121,2621),(3441,101,2631),(3451,131,2631),(3461,141,2641),(3471,51,2651),(3481,51,2661),(3491,131,2671),(3501,51,2681),(3511,1,2691),(3521,51,2701),(3531,141,2701),(3541,131,2711),(3551,121,2711),(3561,181,2721),(3571,31,2721),(3581,81,2731),(3591,1,2731),(3601,1,2741),(3611,181,2741),(3621,81,2751),(3631,31,2751),(3641,1,2761),(3651,31,2761),(3661,81,2771),(3671,181,2771),(3681,121,2781),(3691,141,2791),(3701,111,2801),(3711,51,2811),(3721,81,2821),(3731,71,2831),(3741,1,2841),(3751,81,2851),(3761,1,2861),(3771,81,2871),(3781,81,2881),(3791,71,2891),(3801,41,2901),(3811,71,2911),(3821,61,2921),(3831,71,2931),(3841,111,2941),(3851,101,2951),(3861,51,2961),(3871,131,2971),(3881,41,2981),(3891,71,2991),(3901,51,3001),(3911,1,3001),(3921,31,3011),(3931,121,3011),(3941,51,3021),(3951,31,3021),(3961,1,3031),(3971,121,3031),(3981,101,3041),(3991,1,3051),(4001,141,3061),(4011,101,3071),(4021,1,3081),(4031,31,3081),(4041,51,3091),(4051,61,3091),(4061,51,3101),(4071,131,3101),(4081,151,3111),(4091,141,3111),(4101,141,3121),(4111,131,3131),(4121,21,3141),(4131,141,3151),(4141,1,3161),(4151,31,3161),(4161,51,3171),(4171,61,3171),(4181,11,3181),(4191,71,3191),(4201,81,3201),(4211,71,3211),(4221,21,3221),(4231,31,3231),(4241,31,3241),(4251,61,3251),(4261,121,3261),(4271,141,3271),(4281,141,3281),(4291,51,3291),(4301,31,3301),(4311,1,3311),(4321,11,3321),(4331,1,3331);
/*!40000 ALTER TABLE `players_teams` ENABLE KEYS */;
UNLOCK TABLES;

--
-- Table structure for table `rating_history_events`
--

DROP TABLE IF EXISTS `rating_history_events`;
/*!40101 SET @saved_cs_client     = @@character_set_client */;
/*!40101 SET character_set_client = utf8 */;
CREATE TABLE `rating_history_events` (
  `id` int(11) NOT NULL AUTO_INCREMENT,
  `rating_id` int(11) NOT NULL,
  `value` int(11) NOT NULL,
  `created_at` datetime NOT NULL,
  `updated_at` datetime NOT NULL,
  `trueskill_mean` float DEFAULT NULL,
  `trueskill_deviation` float DEFAULT NULL,
  `result_id` int(11) DEFAULT NULL,
  `change` int(11) DEFAULT NULL,
  PRIMARY KEY (`id`),
  KEY `index_rating_history_events_on_rating_id` (`rating_id`)
) ENGINE=InnoDB AUTO_INCREMENT=6461 DEFAULT CHARSET=utf8;
/*!40101 SET character_set_client = @saved_cs_client */;

--
-- Dumping data for table `rating_history_events`
--

LOCK TABLES `rating_history_events` WRITE;
/*!40000 ALTER TABLE `rating_history_events` DISABLE KEYS */;
INSERT INTO `rating_history_events` VALUES (2241,161,473,'2014-01-07 15:44:37','2014-01-07 15:44:37',28.0686,7.77749,NULL,NULL),(2251,171,473,'2014-01-07 15:44:37','2014-01-07 15:44:37',28.0686,7.77749,NULL,NULL),(2261,181,-140,'2014-01-07 15:44:37','2014-01-07 15:44:37',21.9314,7.77749,NULL,NULL),(2271,191,-140,'2014-01-07 15:44:37','2014-01-07 15:44:37',21.9314,7.77749,NULL,NULL),(2281,171,992,'2014-01-07 15:44:37','2014-01-07 15:44:37',30.7082,6.92781,NULL,NULL),(2291,181,-149,'2014-01-07 15:44:37','2014-01-07 15:44:37',19.2918,6.92781,NULL,NULL),(2301,181,503,'2014-01-07 15:44:37','2014-01-07 15:44:37',23.2465,6.06977,NULL,NULL),(2311,191,-267,'2014-01-07 15:44:37','2014-01-07 15:44:37',16.9473,6.53998,NULL,NULL),(2321,171,1395,'2014-01-07 15:44:37','2014-01-07 15:44:37',32.8889,6.31101,NULL,NULL),(2331,201,14,'2014-01-07 15:44:37','2014-01-07 15:44:37',21.8448,7.23483,NULL,NULL),(2341,171,1538,'2014-01-07 15:44:38','2014-01-07 15:44:38',33.4848,6.03369,NULL,NULL),(2351,191,-238,'2014-01-07 15:44:38','2014-01-07 15:44:38',16.3074,6.23077,NULL,NULL),(2361,181,963,'2014-01-07 15:44:38','2014-01-07 15:44:38',26.1516,5.50479,NULL,NULL),(2371,211,-86,'2014-01-07 15:44:38','2014-01-07 15:44:38',19.5247,6.79684,NULL,NULL),(2381,161,675,'2014-01-07 15:44:38','2014-01-07 15:44:38',29.1296,7.45977,NULL,NULL),(2391,221,239,'2014-01-07 15:44:38','2014-01-07 15:44:38',26.218,7.94114,NULL,NULL),(2401,191,-258,'2014-01-07 15:44:38','2014-01-07 15:44:38',15.6264,6.06895,NULL,NULL),(2411,211,-104,'2014-01-07 15:44:38','2014-01-07 15:44:38',18.7144,6.58604,NULL,NULL),(2421,181,1399,'2014-01-07 15:44:38','2014-01-07 15:44:38',28.9799,4.99516,NULL,NULL),(2431,161,554,'2014-01-07 15:44:38','2014-01-07 15:44:38',23.9362,6.13103,NULL,NULL),(2441,231,788,'2014-01-07 15:44:38','2014-01-07 15:44:38',29.3958,7.17148,NULL,NULL),(2451,241,-91,'2014-01-07 15:44:38','2014-01-07 15:44:38',20.6042,7.17148,NULL,NULL),(2461,181,1505,'2014-01-07 15:44:38','2014-01-07 15:44:38',29.4736,4.80672,NULL,NULL),(2471,191,-228,'2014-01-07 15:44:38','2014-01-07 15:44:38',14.8977,5.72712,NULL,NULL),(2481,231,1256,'2014-01-07 15:44:38','2014-01-07 15:44:38',31.9572,6.46388,NULL,NULL),(2491,251,-6,'2014-01-07 15:44:38','2014-01-07 15:44:38',21.5416,7.20061,NULL,NULL),(2501,221,991,'2014-01-07 15:44:39','2014-01-07 15:44:39',30.0963,6.72628,NULL,NULL),(2511,161,485,'2014-01-07 15:44:39','2014-01-07 15:44:39',21.6243,5.59124,NULL,NULL),(2521,241,420,'2014-01-07 15:44:39','2014-01-07 15:44:39',23.1149,6.30415,NULL,NULL),(2531,191,-259,'2014-01-07 15:44:39','2014-01-07 15:44:39',13.2963,5.29618,NULL,NULL),(2541,251,1125,'2014-01-07 15:44:39','2014-01-07 15:44:39',28.42,5.72227,NULL,NULL),(2551,181,1322,'2014-01-07 15:44:39','2014-01-07 15:44:39',26.408,4.39491,NULL,NULL),(2561,171,1929,'2014-01-07 15:44:39','2014-01-07 15:44:39',35.6735,5.45972,NULL,NULL),(2571,221,961,'2014-01-07 15:44:39','2014-01-07 15:44:39',27.3764,5.92042,NULL,NULL),(2581,211,241,'2014-01-07 15:44:39','2014-01-07 15:44:39',20.9281,6.17074,NULL,NULL),(2591,231,1587,'2014-01-07 15:44:39','2014-01-07 15:44:39',34.0895,6.07179,NULL,NULL),(2601,161,400,'2014-01-07 15:44:39','2014-01-07 15:44:39',20.0288,5.33976,NULL,NULL),(2611,221,872,'2014-01-07 15:44:39','2014-01-07 15:44:39',25.5875,5.62086,NULL,NULL),(2621,251,1242,'2014-01-07 15:44:39','2014-01-07 15:44:39',29.126,5.56609,NULL,NULL),(2631,231,1723,'2014-01-07 15:44:39','2014-01-07 15:44:39',34.8843,5.88472,NULL,NULL),(2641,261,-2,'2014-01-07 15:44:39','2014-01-07 15:44:39',23.5029,7.84168,NULL,NULL),(2651,241,397,'2014-01-07 15:44:39','2014-01-07 15:44:39',22.2581,6.09443,NULL,NULL),(2661,241,875,'2014-01-07 15:44:39','2014-01-07 15:44:39',24.8748,5.37217,NULL,NULL),(2671,161,343,'2014-01-07 15:44:39','2014-01-07 15:44:39',18.0199,4.86155,NULL,NULL),(2681,191,312,'2014-01-07 15:44:39','2014-01-07 15:44:39',17.1894,4.68686,NULL,NULL),(2691,211,9,'2014-01-07 15:44:39','2014-01-07 15:44:39',15.6435,5.18302,NULL,NULL),(2701,241,1122,'2014-01-07 15:44:39','2014-01-07 15:44:39',26.0889,4.95465,NULL,NULL),(2711,191,302,'2014-01-07 15:44:39','2014-01-07 15:44:39',16.2653,4.41263,NULL,NULL),(2721,161,449,'2014-01-07 15:44:39','2014-01-07 15:44:39',18.6553,4.71968,NULL,NULL),(2731,221,1023,'2014-01-07 15:44:39','2014-01-07 15:44:39',26.4369,5.4,NULL,NULL),(2741,191,282,'2014-01-07 15:44:39','2014-01-07 15:44:39',15.7418,4.30707,NULL,NULL),(2751,211,-11,'2014-01-07 15:44:39','2014-01-07 15:44:39',14.9213,5.01056,NULL,NULL),(2761,231,2062,'2014-01-07 15:44:40','2014-01-07 15:44:40',36.6432,5.33824,NULL,NULL),(2771,251,1223,'2014-01-07 15:44:40','2014-01-07 15:44:40',27.5524,5.10623,NULL,NULL),(2781,171,2149,'2014-01-07 15:44:40','2014-01-07 15:44:40',36.6954,5.06691,NULL,NULL),(2791,181,1316,'2014-01-07 15:44:40','2014-01-07 15:44:40',25.7457,4.19317,NULL,NULL),(2801,251,1478,'2014-01-07 15:44:40','2014-01-07 15:44:40',29.1512,4.79002,NULL,NULL),(2811,271,12,'2014-01-07 15:44:40','2014-01-07 15:44:40',20.7425,6.87106,NULL,NULL),(2821,181,1591,'2014-01-07 15:44:40','2014-01-07 15:44:40',27.5076,3.86293,NULL,NULL),(2831,241,1043,'2014-01-07 15:44:40','2014-01-07 15:44:40',23.6293,4.39968,NULL,NULL),(2841,161,791,'2014-01-07 15:44:40','2014-01-07 15:44:40',21.1075,4.39665,NULL,NULL),(2851,281,-179,'2014-01-07 15:44:40','2014-01-07 15:44:40',17.3568,6.38549,NULL,NULL),(2861,221,1205,'2014-01-07 15:44:40','2014-01-07 15:44:40',27.2506,5.06355,NULL,NULL),(2871,191,280,'2014-01-07 15:44:40','2014-01-07 15:44:40',15.2241,4.13882,NULL,NULL),(2881,251,1732,'2014-01-07 15:44:40','2014-01-07 15:44:40',31.0791,4.58389,NULL,NULL),(2891,241,1253,'2014-01-07 15:44:40','2014-01-07 15:44:40',25.2559,4.24072,NULL,NULL),(2901,261,-235,'2014-01-07 15:44:40','2014-01-07 15:44:40',18.3369,6.89751,NULL,NULL),(2911,231,1909,'2014-01-07 15:44:40','2014-01-07 15:44:40',34.2489,5.05102,NULL,NULL),(2921,171,2414,'2014-01-07 15:44:40','2014-01-07 15:44:40',38.0861,4.64843,NULL,NULL),(2931,251,1711,'2014-01-07 15:44:40','2014-01-07 15:44:40',29.9409,4.27676,NULL,NULL),(2941,221,1460,'2014-01-07 15:44:40','2014-01-07 15:44:40',28.5624,4.65245,NULL,NULL),(2951,161,772,'2014-01-07 15:44:40','2014-01-07 15:44:40',20.1184,4.13071,NULL,NULL),(2961,161,1016,'2014-01-07 15:44:40','2014-01-07 15:44:40',21.8994,3.91249,NULL,NULL),(2971,291,-128,'2014-01-07 15:44:40','2014-01-07 15:44:40',17.7538,6.34671,NULL,NULL),(2981,231,2416,'2014-01-07 15:44:40','2014-01-07 15:44:40',37.4798,4.43757,NULL,NULL),(2991,171,2282,'2014-01-07 15:44:40','2014-01-07 15:44:40',35.3496,4.17542,NULL,NULL),(3001,241,1603,'2014-01-07 15:44:41','2014-01-07 15:44:41',27.5898,3.85081,NULL,NULL),(3011,221,1335,'2014-01-07 15:44:41','2014-01-07 15:44:41',25.7535,4.13187,NULL,NULL),(3021,211,618,'2014-01-07 15:44:41','2014-01-07 15:44:41',19.0872,4.30154,NULL,NULL),(3031,161,860,'2014-01-07 15:44:41','2014-01-07 15:44:41',19.3589,3.5856,NULL,NULL),(3041,281,385,'2014-01-07 15:44:41','2014-01-07 15:44:41',20.6402,5.59605,NULL,NULL),(3051,291,-220,'2014-01-07 15:44:41','2014-01-07 15:44:41',14.5101,5.57224,NULL,NULL),(3061,211,737,'2014-01-07 15:44:41','2014-01-07 15:44:41',19.8357,4.15301,NULL,NULL),(3071,171,2393,'2014-01-07 15:44:41','2014-01-07 15:44:41',36.0549,4.0398,NULL,NULL),(3081,161,833,'2014-01-07 15:44:41','2014-01-07 15:44:41',18.8387,3.50052,NULL,NULL),(3091,241,1575,'2014-01-07 15:44:41','2014-01-07 15:44:41',26.9899,3.74493,NULL,NULL),(3101,231,2540,'2014-01-07 15:44:41','2014-01-07 15:44:41',38.0691,4.21975,NULL,NULL),(3111,181,1589,'2014-01-07 15:44:41','2014-01-07 15:44:41',27.061,3.72049,NULL,NULL),(3121,191,659,'2014-01-07 15:44:41','2014-01-07 15:44:41',17.7964,3.73277,NULL,NULL),(3131,211,601,'2014-01-07 15:44:41','2014-01-07 15:44:41',17.2457,3.74261,NULL,NULL),(3141,191,920,'2014-01-07 15:44:41','2014-01-07 15:44:41',19.4909,3.42935,NULL,NULL),(3151,161,759,'2014-01-07 15:44:41','2014-01-07 15:44:41',17.3484,3.25181,NULL,NULL),(3161,251,1957,'2014-01-07 15:44:41','2014-01-07 15:44:41',31.3584,3.92853,NULL,NULL),(3171,241,1536,'2014-01-07 15:44:41','2014-01-07 15:44:41',25.9029,3.51384,NULL,NULL),(3181,181,1612,'2014-01-07 15:44:41','2014-01-07 15:44:41',27.1834,3.68469,NULL,NULL),(3191,231,2572,'2014-01-07 15:44:41','2014-01-07 15:44:41',38.2265,4.16691,NULL,NULL),(3201,191,918,'2014-01-07 15:44:41','2014-01-07 15:44:41',19.3869,3.40161,NULL,NULL),(3211,241,1534,'2014-01-07 15:44:41','2014-01-07 15:44:41',25.7937,3.4839,NULL,NULL),(3221,271,1086,'2014-01-07 15:44:41','2014-01-07 15:44:41',27.1056,5.41456,NULL,NULL),(3231,181,1491,'2014-01-07 15:44:41','2014-01-07 15:44:41',25.3529,3.47885,NULL,NULL),(3241,191,1051,'2014-01-07 15:44:41','2014-01-07 15:44:41',20.3161,3.26787,NULL,NULL),(3251,261,-255,'2014-01-07 15:44:41','2014-01-07 15:44:41',14.5179,5.69202,NULL,NULL),(3261,281,615,'2014-01-07 15:44:41','2014-01-07 15:44:41',22.0168,5.28869,NULL,NULL),(3271,211,690,'2014-01-07 15:44:41','2014-01-07 15:44:41',17.8616,3.6528,NULL,NULL),(3281,291,-266,'2014-01-07 15:44:41','2014-01-07 15:44:41',13.1452,5.26887,NULL,NULL),(3291,161,730,'2014-01-07 15:44:41','2014-01-07 15:44:41',16.8834,3.19353,NULL,NULL),(3301,191,1196,'2014-01-07 15:44:42','2014-01-07 15:44:42',21.2378,3.09014,NULL,NULL),(3311,211,650,'2014-01-07 15:44:42','2014-01-07 15:44:42',16.7101,3.40227,NULL,NULL),(3321,171,2435,'2014-01-07 15:44:42','2014-01-07 15:44:42',36.224,3.95689,NULL,NULL),(3331,191,1197,'2014-01-07 15:44:42','2014-01-07 15:44:42',21.1388,3.05392,NULL,NULL),(3341,191,1404,'2014-01-07 15:44:42','2014-01-07 15:44:42',22.9284,2.96053,NULL,NULL),(3351,211,911,'2014-01-07 15:44:42','2014-01-07 15:44:42',18.931,3.2721,NULL,NULL),(3361,281,230,'2014-01-07 15:44:42','2014-01-07 15:44:42',16.6523,4.78202,NULL,NULL),(3371,171,2197,'2014-01-07 15:44:42','2014-01-07 15:44:42',33.2205,3.74997,NULL,NULL),(3381,171,2275,'2014-01-07 15:44:42','2014-01-07 15:44:42',33.5943,3.61342,NULL,NULL),(3391,191,1401,'2014-01-07 15:44:42','2014-01-07 15:44:42',22.6953,2.8945,NULL,NULL),(3401,171,2339,'2014-01-07 15:44:42','2014-01-07 15:44:42',33.8985,3.50037,NULL,NULL),(3411,191,1398,'2014-01-07 15:44:42','2014-01-07 15:44:42',22.5001,2.83741,NULL,NULL),(3421,171,2393,'2014-01-07 15:44:42','2014-01-07 15:44:42',34.1526,3.40468,NULL,NULL),(3431,191,1397,'2014-01-07 15:44:42','2014-01-07 15:44:42',22.3331,2.78736,NULL,NULL),(3441,211,1162,'2014-01-07 15:44:42','2014-01-07 15:44:42',20.6804,3.01867,NULL,NULL),(3451,191,1316,'2014-01-07 15:44:42','2014-01-07 15:44:42',21.0633,2.63301,NULL,NULL),(3461,191,1432,'2014-01-07 15:44:42','2014-01-07 15:44:42',21.8717,2.51509,NULL,NULL),(3471,211,1110,'2014-01-07 15:44:42','2014-01-07 15:44:42',19.6181,2.83885,NULL,NULL),(3481,171,2435,'2014-01-07 15:44:42','2014-01-07 15:44:42',34.3433,3.32831,NULL,NULL),(3491,191,1431,'2014-01-07 15:44:42','2014-01-07 15:44:42',21.7676,2.48541,NULL,NULL),(3501,171,2472,'2014-01-07 15:44:42','2014-01-07 15:44:42',34.5112,3.26078,NULL,NULL),(3511,191,1429,'2014-01-07 15:44:42','2014-01-07 15:44:42',21.6739,2.45836,NULL,NULL),(3521,171,2494,'2014-01-07 15:44:43','2014-01-07 15:44:43',34.6027,3.22076,NULL,NULL),(3531,211,1110,'2014-01-07 15:44:43','2014-01-07 15:44:43',19.5487,2.813,NULL,NULL),(3541,181,1651,'2014-01-07 15:44:43','2014-01-07 15:44:43',26.2849,3.25786,NULL,NULL),(3551,191,1406,'2014-01-07 15:44:43','2014-01-07 15:44:43',21.2082,2.38266,NULL,NULL),(3561,251,1961,'2014-01-07 15:44:43','2014-01-07 15:44:43',31.3775,3.92026,NULL,NULL),(3571,231,2577,'2014-01-07 15:44:43','2014-01-07 15:44:43',38.248,4.15682,NULL,NULL),(3581,191,1405,'2014-01-07 15:44:43','2014-01-07 15:44:43',21.2012,2.38207,NULL,NULL),(3591,211,1110,'2014-01-07 15:44:43','2014-01-07 15:44:43',19.5389,2.81087,NULL,NULL),(3601,231,2603,'2014-01-07 15:44:43','2014-01-07 15:44:43',38.3401,4.10216,NULL,NULL),(3611,191,1405,'2014-01-07 15:44:43','2014-01-07 15:44:43',21.1709,2.37312,NULL,NULL),(3621,191,1416,'2014-01-07 15:44:43','2014-01-07 15:44:43',21.2489,2.36013,NULL,NULL),(3631,251,2002,'2014-01-07 15:44:43','2014-01-07 15:44:43',31.5903,3.85571,NULL,NULL),(3641,211,1106,'2014-01-07 15:44:43','2014-01-07 15:44:43',19.4295,2.78807,NULL,NULL),(3651,161,726,'2014-01-07 15:44:43','2014-01-07 15:44:43',16.7422,3.15933,NULL,NULL),(3661,191,1427,'2014-01-07 15:44:43','2014-01-07 15:44:43',21.3193,2.34821,NULL,NULL),(3671,251,2038,'2014-01-07 15:44:43','2014-01-07 15:44:43',31.7781,3.79803,NULL,NULL),(3681,211,1102,'2014-01-07 15:44:43','2014-01-07 15:44:43',19.3313,2.76723,NULL,NULL),(3691,161,723,'2014-01-07 15:44:43','2014-01-07 15:44:43',16.6161,3.12827,NULL,NULL),(3701,251,2351,'2014-01-07 15:44:43','2014-01-07 15:44:43',33.8607,3.44885,NULL,NULL),(3711,171,2407,'2014-01-07 15:44:43','2014-01-07 15:44:43',33.1048,3.01124,NULL,NULL),(3721,251,2392,'2014-01-07 15:44:43','2014-01-07 15:44:43',34.043,3.37303,NULL,NULL),(3731,191,1425,'2014-01-07 15:44:43','2014-01-07 15:44:43',21.2347,2.32556,NULL,NULL),(3741,231,2807,'2014-01-07 15:44:43','2014-01-07 15:44:43',39.4776,3.80244,NULL,NULL),(3751,251,2364,'2014-01-07 15:44:43','2014-01-07 15:44:43',33.2737,3.209,NULL,NULL),(3761,191,1552,'2014-01-07 15:44:43','2014-01-07 15:44:43',22.22,2.23274,NULL,NULL),(3771,241,1410,'2014-01-07 15:44:43','2014-01-07 15:44:43',23.5839,3.15937,NULL,NULL),(3781,211,1126,'2014-01-07 15:44:43','2014-01-07 15:44:43',19.4963,2.7448,NULL,NULL),(3791,171,2435,'2014-01-07 15:44:43','2014-01-07 15:44:43',33.3001,2.98185,NULL,NULL),(3801,281,218,'2014-01-07 15:44:43','2014-01-07 15:44:43',16.16,4.65955,NULL,NULL),(3811,201,31,'2014-01-07 15:44:43','2014-01-07 15:44:43',20.7181,6.80128,NULL,NULL),(3821,281,469,'2014-01-07 15:44:44','2014-01-07 15:44:44',18.1168,4.47552,NULL,NULL),(3831,211,1204,'2014-01-07 15:44:44','2014-01-07 15:44:44',20.1757,2.70876,NULL,NULL),(3841,201,-209,'2014-01-07 15:44:44','2014-01-07 15:44:44',16.5497,6.21324,NULL,NULL),(3851,301,-293,'2014-01-07 15:44:44','2014-01-07 15:44:44',18.7425,7.22421,NULL,NULL),(3861,171,2660,'2014-01-07 15:44:44','2014-01-07 15:44:44',34.9951,2.79675,NULL,NULL),(3871,231,2649,'2014-01-07 15:44:44','2014-01-07 15:44:44',36.7222,3.40887,NULL,NULL),(3881,281,783,'2014-01-07 15:44:44','2014-01-07 15:44:44',20.4151,4.19303,NULL,NULL),(3891,311,-192,'2014-01-07 15:44:44','2014-01-07 15:44:44',17.0338,6.32045,NULL,NULL),(3901,251,2368,'2014-01-07 15:44:44','2014-01-07 15:44:44',33.2937,3.20249,NULL,NULL),(3911,231,2654,'2014-01-07 15:44:44','2014-01-07 15:44:44',36.7447,3.40079,NULL,NULL),(3921,211,1204,'2014-01-07 15:44:44','2014-01-07 15:44:44',20.1615,2.70548,NULL,NULL),(3931,241,1410,'2014-01-07 15:44:44','2014-01-07 15:44:44',23.5645,3.15322,NULL,NULL),(3941,191,1602,'2014-01-07 15:44:44','2014-01-07 15:44:44',22.6237,2.20059,NULL,NULL),(3951,211,1281,'2014-01-07 15:44:44','2014-01-07 15:44:44',20.754,2.64662,NULL,NULL),(3961,161,671,'2014-01-07 15:44:44','2014-01-07 15:44:44',15.8241,3.03608,NULL,NULL),(3971,221,1262,'2014-01-07 15:44:44','2014-01-07 15:44:44',24.3723,3.91532,NULL,NULL),(3981,231,2681,'2014-01-07 15:44:44','2014-01-07 15:44:44',36.8604,3.34793,NULL,NULL),(3991,191,1601,'2014-01-07 15:44:44','2014-01-07 15:44:44',22.5752,2.18762,NULL,NULL),(4001,171,2775,'2014-01-07 15:44:44','2014-01-07 15:44:44',35.766,2.66919,NULL,NULL),(4011,251,2325,'2014-01-07 15:44:44','2014-01-07 15:44:44',32.2831,3.00878,NULL,NULL),(4021,281,835,'2014-01-07 15:44:44','2014-01-07 15:44:44',20.7075,4.11662,NULL,NULL),(4031,221,1306,'2014-01-07 15:44:44','2014-01-07 15:44:44',24.6273,3.85339,NULL,NULL),(4041,291,-266,'2014-01-07 15:44:45','2014-01-07 15:44:45',12.6836,5.11547,NULL,NULL),(4051,161,664,'2014-01-07 15:44:45','2014-01-07 15:44:45',15.6707,3.00802,NULL,NULL),(4061,281,879,'2014-01-07 15:44:45','2014-01-07 15:44:45',20.9475,4.05113,NULL,NULL),(4071,221,1343,'2014-01-07 15:44:45','2014-01-07 15:44:45',24.8376,3.79994,NULL,NULL),(4081,291,-265,'2014-01-07 15:44:45','2014-01-07 15:44:45',12.313,4.98832,NULL,NULL),(4091,161,659,'2014-01-07 15:44:45','2014-01-07 15:44:45',15.5425,2.98338,NULL,NULL),(4101,161,717,'2014-01-07 15:44:45','2014-01-07 15:44:45',15.9694,2.92987,NULL,NULL),(4111,231,2758,'2014-01-07 15:44:45','2014-01-07 15:44:45',37.3979,3.27154,NULL,NULL),(4121,261,-294,'2014-01-07 15:44:45','2014-01-07 15:44:45',12.9648,5.30345,NULL,NULL),(4131,251,2298,'2014-01-07 15:44:45','2014-01-07 15:44:45',31.8489,2.95385,NULL,NULL),(4141,161,970,'2014-01-07 15:44:45','2014-01-07 15:44:45',17.9371,2.74436,NULL,NULL),(4151,221,1137,'2014-01-07 15:44:45','2014-01-07 15:44:45',21.5288,3.38385,NULL,NULL),(4161,241,1581,'2014-01-07 15:44:45','2014-01-07 15:44:45',24.6616,2.94809,NULL,NULL),(4171,191,1568,'2014-01-07 15:44:45','2014-01-07 15:44:45',22.0467,2.12147,NULL,NULL),(4181,181,1782,'2014-01-07 15:44:45','2014-01-07 15:44:45',27.0544,3.07492,NULL,NULL),(4191,191,1550,'2014-01-07 15:44:45','2014-01-07 15:44:45',21.7201,2.07308,NULL,NULL),(4201,251,2300,'2014-01-07 15:44:45','2014-01-07 15:44:45',31.8615,2.9508,NULL,NULL),(4211,231,2761,'2014-01-07 15:44:45','2014-01-07 15:44:45',37.4133,3.26687,NULL,NULL),(4221,181,1782,'2014-01-07 15:44:45','2014-01-07 15:44:45',27.0408,3.07129,NULL,NULL),(4231,261,-291,'2014-01-07 15:44:45','2014-01-07 15:44:45',12.9242,5.27965,NULL,NULL),(4241,171,2780,'2014-01-07 15:44:45','2014-01-07 15:44:45',35.7872,2.66059,NULL,NULL),(4251,161,971,'2014-01-07 15:44:45','2014-01-07 15:44:45',17.9147,2.73486,NULL,NULL),(4261,171,2785,'2014-01-07 15:44:45','2014-01-07 15:44:45',35.8079,2.65224,NULL,NULL),(4271,161,971,'2014-01-07 15:44:45','2014-01-07 15:44:45',17.8929,2.72564,NULL,NULL),(4281,161,1071,'2014-01-07 15:44:45','2014-01-07 15:44:45',18.6784,2.65357,NULL,NULL),(4291,221,1300,'2014-01-07 15:44:45','2014-01-07 15:44:45',22.739,3.24353,NULL,NULL),(4301,191,1513,'2014-01-07 15:44:45','2014-01-07 15:44:45',21.2654,2.04263,NULL,NULL),(4311,211,1227,'2014-01-07 15:44:46','2014-01-07 15:44:46',20.0134,2.58083,NULL,NULL),(4321,231,2870,'2014-01-07 15:44:46','2014-01-07 15:44:46',38.0423,3.11232,NULL,NULL),(4331,251,2283,'2014-01-07 15:44:46','2014-01-07 15:44:46',31.3482,2.8378,NULL,NULL),(4341,191,1659,'2014-01-07 15:44:46','2014-01-07 15:44:46',22.4891,1.96484,NULL,NULL),(4351,251,2112,'2014-01-07 15:44:46','2014-01-07 15:44:46',28.9883,2.62196,NULL,NULL),(4361,261,61,'2014-01-07 16:39:52','2014-01-07 16:39:52',15.1664,4.84958,NULL,NULL),(4371,231,2973,'2014-01-07 16:39:52','2014-01-07 16:39:52',38.8218,3.02756,NULL,NULL),(4381,191,1634,'2014-01-07 16:39:52','2014-01-07 16:39:52',22.1781,1.94514,NULL,NULL),(4391,251,2071,'2014-01-07 16:39:52','2014-01-07 16:39:52',28.4349,2.57212,NULL,NULL),(4401,171,2827,'2014-01-07 18:21:14','2014-01-07 18:21:14',36.0487,2.59182,NULL,NULL),(4411,181,1778,'2014-01-07 18:21:14','2014-01-07 18:21:14',26.718,2.97621,NULL,NULL),(4421,231,3018,'2014-01-07 20:38:21','2014-01-07 20:38:21',39.0464,2.95452,NULL,NULL),(4431,251,2068,'2014-01-07 20:38:21','2014-01-07 20:38:21',28.2727,2.52812,NULL,NULL),(4441,191,1725,'2014-01-07 21:08:50','2014-01-07 21:08:50',22.9171,1.88589,NULL,NULL),(4451,181,1672,'2014-01-07 21:08:50','2014-01-07 21:08:50',24.9897,2.75413,NULL,NULL),(4461,301,596,'2014-01-07 21:31:17','2014-01-07 21:31:17',23.2808,5.77107,NULL,NULL),(4471,161,1029,'2014-01-07 21:31:17','2014-01-07 21:31:17',18.0656,2.58919,NULL,NULL),(4481,251,2133,'2014-01-07 22:16:59','2014-01-07 22:16:59',28.6712,2.44462,NULL,NULL),(4491,191,1713,'2014-01-07 22:16:59','2014-01-07 22:16:59',22.6952,1.85272,NULL,NULL),(4501,161,1078,'2014-01-07 23:07:15','2014-01-07 23:07:15',18.4559,2.5567,NULL,NULL),(4511,301,905,'2014-01-07 23:07:15','2014-01-07 23:07:15',25.2184,5.3872,NULL,NULL),(4521,201,-288,'2014-01-07 23:07:15','2014-01-07 23:07:15',14.3039,5.73128,NULL,NULL),(4531,221,1259,'2014-01-07 23:07:15','2014-01-07 23:07:15',22.1267,3.17789,NULL,NULL),(4541,201,346,'2014-01-07 23:07:35','2014-01-07 23:07:35',18.9952,5.17776,NULL,NULL),(4551,161,1185,'2014-01-07 23:07:35','2014-01-07 23:07:35',19.3903,2.51075,NULL,NULL),(4561,301,628,'2014-01-07 23:07:35','2014-01-07 23:07:35',21.0734,4.93046,NULL,NULL),(4571,221,1142,'2014-01-07 23:07:35','2014-01-07 23:07:35',20.6837,3.08771,NULL,NULL),(4581,161,1208,'2014-01-07 23:53:25','2014-01-07 23:53:25',19.5405,2.48512,981,23),(4591,171,2851,'2014-01-07 23:53:25','2014-01-07 23:53:25',36.2088,2.56344,981,24),(4601,191,1708,'2014-01-07 23:53:25','2014-01-07 23:53:25',22.6133,1.84375,981,-5),(4611,221,1134,'2014-01-07 23:53:25','2014-01-07 23:53:25',20.4566,3.03848,981,-8),(4621,241,1585,'2014-01-08 19:00:47','2014-01-08 19:00:47',24.6818,2.94259,991,4),(4631,231,3021,'2014-01-08 19:00:47','2014-01-08 19:00:47',39.0667,2.94898,991,3),(4641,191,1707,'2014-01-08 19:00:47','2014-01-08 19:00:47',22.6054,1.844,991,-1),(4651,261,65,'2014-01-08 19:00:47','2014-01-08 19:00:47',15.1117,4.82055,991,4),(4661,191,1709,'2014-01-10 00:15:58','2014-01-10 00:15:58',22.6236,1.84265,1001,2),(4671,231,3030,'2014-01-10 00:15:58','2014-01-10 00:15:58',39.1133,2.93695,1001,9),(4681,261,69,'2014-01-10 00:15:58','2014-01-10 00:15:58',14.9872,4.76342,1001,4),(4691,241,1584,'2014-01-10 00:15:58','2014-01-10 00:15:58',24.6354,2.93065,1001,-1),(4701,241,1684,'2014-01-10 00:29:52','2014-01-10 00:29:52',25.2549,2.8042,1011,100),(4711,221,1109,'2014-01-10 00:29:52','2014-01-10 00:29:52',19.7907,2.89715,1011,-25),(4721,191,1769,'2014-01-10 19:00:13','2014-01-10 19:00:13',23.1572,1.82154,1021,60),(4731,221,1268,'2014-01-10 19:00:13','2014-01-10 19:00:13',21.1081,2.8083,1021,159),(4741,261,-163,'2014-01-10 19:00:13','2014-01-10 19:00:13',11.4278,4.35266,1021,-232),(4751,231,2922,'2014-01-10 19:00:13','2014-01-10 19:00:13',37.7595,2.84428,1021,-108),(4761,161,1237,'2014-01-10 19:01:36','2014-01-10 19:01:36',19.7472,2.45649,1031,29),(4771,171,2883,'2014-01-10 19:01:36','2014-01-10 19:01:36',36.4288,2.53182,1031,32),(4781,281,863,'2014-01-10 19:01:36','2014-01-10 19:01:36',20.3985,3.92069,1031,-16),(4791,241,1670,'2014-01-10 19:01:36','2014-01-10 19:01:36',24.9917,2.76223,1031,-14),(4801,161,1317,'2014-01-13 17:17:37','2014-01-13 17:17:37',20.3783,2.40161,1041,80),(4811,221,1375,'2014-01-13 17:17:37','2014-01-13 17:17:37',21.9328,2.72516,1041,107),(4821,191,1740,'2014-01-13 17:17:37','2014-01-13 17:17:37',22.8098,1.80058,1041,-29),(4831,211,1176,'2014-01-13 17:17:37','2014-01-13 17:17:37',19.3168,2.51682,1041,-51),(4841,171,2906,'2014-01-13 19:05:47','2014-01-13 19:05:47',36.5497,2.49642,1051,23),(4851,181,1672,'2014-01-13 19:05:47','2014-01-13 19:05:47',24.8467,2.70801,1051,0),(4861,191,1806,'2014-01-13 20:01:57','2014-01-13 20:01:57',23.33,1.75557,1061,66),(4871,181,1603,'2014-01-13 20:01:57','2014-01-13 20:01:57',23.6714,2.54711,1061,-69),(4881,191,1855,'2014-01-13 20:35:43','2014-01-13 20:35:43',23.7576,1.73489,1071,49),(4891,171,3011,'2014-01-13 20:35:43','2014-01-13 20:35:43',37.4134,2.43234,1071,105),(4901,251,2068,'2014-01-13 20:35:43','2014-01-13 20:35:43',27.8429,2.38459,1071,-65),(4911,231,2839,'2014-01-13 20:35:43','2014-01-13 20:35:43',36.6386,2.74831,1071,-83),(4921,221,1409,'2014-01-13 20:36:54','2014-01-13 20:36:54',22.1564,2.68643,1081,34),(4931,231,2874,'2014-01-13 20:36:54','2014-01-13 20:36:54',36.866,2.70853,1081,35),(4941,251,2059,'2014-01-13 20:36:54','2014-01-13 20:36:54',27.6716,2.35928,1081,-9),(4951,161,1307,'2014-01-13 20:36:54','2014-01-13 20:36:54',20.2046,2.37571,1081,-10),(4961,221,1518,'2014-01-13 20:37:08','2014-01-13 20:37:08',22.8784,2.56316,1091,109),(4971,161,1276,'2014-01-13 20:37:08','2014-01-13 20:37:08',19.6398,2.29144,1091,-31),(4981,251,2126,'2014-01-13 22:57:21','2014-01-13 22:57:21',28.1105,2.28062,1101,67),(4991,191,1840,'2014-01-13 22:57:21','2014-01-13 22:57:21',23.52,1.70523,1101,-15),(5001,181,1731,'2014-01-14 15:29:28','2014-01-14 15:29:28',24.5956,2.42772,1111,128),(5011,241,1607,'2014-01-14 15:29:28','2014-01-14 15:29:28',23.905,2.60884,1111,-63),(5021,241,1782,'2014-01-14 20:47:03','2014-01-14 20:47:03',25.2088,2.46028,1121,175),(5031,251,2056,'2014-01-14 20:47:03','2014-01-14 20:47:03',27.1138,2.18267,1121,-70),(5041,251,2125,'2014-01-15 17:09:39','2014-01-15 17:09:39',27.6025,2.11483,1131,69),(5051,241,1750,'2014-01-15 17:09:39','2014-01-15 17:09:39',24.588,2.36186,1131,-32),(5061,261,134,'2014-01-15 18:07:27','2014-01-15 18:07:27',13.4994,4.05079,1141,297),(5071,251,2184,'2014-01-15 18:07:27','2014-01-15 18:07:27',28.0921,2.08263,1141,59),(5081,191,1813,'2014-01-15 18:07:27','2014-01-15 18:07:27',23.2014,1.68955,1141,-27),(5091,211,1124,'2014-01-15 18:07:27','2014-01-15 18:07:27',18.6237,2.46101,1141,-52),(5101,281,969,'2014-01-15 18:58:22','2014-01-15 18:58:22',21.1151,3.80756,1151,106),(5111,181,1766,'2014-01-15 18:58:22','2014-01-15 18:58:22',24.8706,2.4023,1151,35),(5121,291,-310,'2014-01-15 18:58:22','2014-01-15 18:58:22',11.1531,4.75204,1151,-45),(5131,271,1040,'2014-01-15 18:58:22','2014-01-15 18:58:22',25.7391,5.11081,1151,-46),(5141,231,2889,'2014-01-15 19:31:57','2014-01-15 19:31:57',36.936,2.68148,1161,15),(5151,191,1811,'2014-01-15 19:31:57','2014-01-15 19:31:57',23.1741,1.68473,1161,-2),(5161,271,1197,'2014-01-15 19:58:15','2014-01-15 19:58:15',26.5698,4.86365,1171,157),(5171,231,2922,'2014-01-15 19:58:15','2014-01-15 19:58:15',37.1648,2.64758,1171,33),(5181,251,2175,'2014-01-15 19:58:15','2014-01-15 19:58:15',27.954,2.06783,1171,-9),(5191,241,1739,'2014-01-15 19:58:15','2014-01-15 19:58:15',24.4104,2.3393,1171,-11),(5201,191,1839,'2014-01-15 20:19:52','2014-01-15 20:19:52',23.4018,1.67012,1181,28),(5211,161,1330,'2014-01-15 20:19:52','2014-01-15 20:19:52',20.0605,2.25091,1181,54),(5221,211,1090,'2014-01-15 20:19:52','2014-01-15 20:19:52',18.1385,2.41027,1181,-34),(5231,221,1483,'2014-01-15 20:19:52','2014-01-15 20:19:52',22.3521,2.50555,1181,-35),(5241,191,1862,'2014-01-15 20:20:48','2014-01-15 20:20:48',23.5952,1.65691,1191,23),(5251,161,1376,'2014-01-15 20:20:48','2014-01-15 20:20:48',20.4114,2.21495,1191,46),(5261,211,1063,'2014-01-15 20:20:48','2014-01-15 20:20:48',17.7362,2.36562,1191,-27),(5271,221,1455,'2014-01-15 20:20:48','2014-01-15 20:20:48',21.9174,2.45512,1191,-28),(5281,161,1499,'2014-01-15 20:20:58','2014-01-15 20:20:58',21.3585,2.12245,1201,123),(5291,241,1666,'2014-01-15 20:20:58','2014-01-15 20:20:58',23.3542,2.22971,1201,-73),(5301,191,1914,'2014-01-15 21:04:26','2014-01-15 21:04:26',24.0148,1.62174,1211,52),(5311,181,1712,'2014-01-15 21:04:26','2014-01-15 21:04:26',23.9897,2.28892,1211,-54),(5321,171,3041,'2014-01-15 21:44:32','2014-01-15 21:44:32',37.5809,2.38803,1221,30),(5331,251,2170,'2014-01-15 21:44:32','2014-01-15 21:44:32',27.8329,2.04146,1221,-5),(5341,161,1518,'2014-01-15 22:20:40','2014-01-15 22:20:40',21.4837,2.09989,1231,19),(5351,291,-289,'2014-01-15 22:20:40','2014-01-15 22:20:40',10.526,4.47517,1231,21),(5361,171,3046,'2014-01-15 22:39:13','2014-01-15 22:39:13',37.6057,2.37918,1241,5),(5371,161,1518,'2014-01-15 22:39:13','2014-01-15 22:39:13',21.4645,2.09454,1241,0),(5381,231,2960,'2014-01-16 14:45:05','2014-01-16 14:45:05',37.3708,2.58915,1251,38),(5391,251,2166,'2014-01-16 14:45:06','2014-01-16 14:45:06',27.7103,2.01587,1251,-4),(5401,191,1978,'2014-01-16 16:38:27','2014-01-16 16:38:27',24.5401,1.58409,1261,64),(5411,251,2107,'2014-01-16 16:38:27','2014-01-16 16:38:27',26.8994,1.94075,1261,-59),(5421,251,2160,'2014-01-16 19:07:34','2014-01-16 19:07:34',27.279,1.89019,1271,53),(5431,191,1961,'2014-01-16 19:07:34','2014-01-16 19:07:34',24.287,1.55791,1271,-17),(5441,161,1537,'2014-01-16 21:05:53','2014-01-16 21:05:53',21.6086,2.07624,1281,19),(5451,231,2993,'2014-01-16 21:05:53','2014-01-16 21:05:53',37.5909,2.55273,1281,33),(5461,251,2152,'2014-01-16 21:05:53','2014-01-16 21:05:53',27.1616,1.87736,1281,-8),(5471,221,1444,'2014-01-16 21:05:53','2014-01-16 21:05:53',21.7195,2.42435,1281,-11),(5481,221,1469,'2014-01-16 21:06:11','2014-01-16 21:06:11',21.8903,2.39696,1291,25),(5491,231,3021,'2014-01-16 21:06:11','2014-01-16 21:06:11',37.7803,2.52043,1291,28),(5501,251,2146,'2014-01-16 21:06:11','2014-01-16 21:06:11',27.0591,1.86584,1291,-6),(5511,161,1530,'2014-01-16 21:06:11','2014-01-16 21:06:11',21.4833,2.05983,1291,-7),(5521,171,3057,'2014-01-17 16:34:48','2014-01-17 16:34:48',37.6617,2.36109,1301,11),(5531,181,1711,'2014-01-17 16:34:48','2014-01-17 16:34:48',23.9378,2.27303,1301,-1),(5541,271,1259,'2014-01-17 16:51:07','2014-01-17 16:51:07',26.8544,4.75169,1311,62),(5551,231,3033,'2014-01-17 16:51:07','2014-01-17 16:51:07',37.8568,2.50624,1311,12),(5561,181,1708,'2014-01-17 16:51:07','2014-01-17 16:51:07',23.8756,2.26314,1311,-3),(5571,241,1663,'2014-01-17 16:51:07','2014-01-17 16:51:07',23.2943,2.22049,1311,-3),(5581,251,2192,'2014-01-17 17:03:40','2014-01-17 17:03:40',27.3911,1.82215,1321,46),(5591,191,1945,'2014-01-17 17:03:40','2014-01-17 17:03:40',24.0554,1.53369,1321,-16),(5601,191,1982,'2014-01-17 19:01:29','2014-01-17 19:01:29',24.345,1.50828,1331,37),(5611,241,1627,'2014-01-17 19:01:29','2014-01-17 19:01:29',22.6881,2.13742,1331,-36),(5621,191,2009,'2014-01-17 19:02:13','2014-01-17 19:02:13',24.5582,1.48707,1341,27),(5631,161,1508,'2014-01-17 19:02:13','2014-01-17 19:02:13',21.0862,2.00134,1341,-22),(5641,191,2050,'2014-01-17 19:38:09','2014-01-17 19:38:09',24.9248,1.47389,1351,41),(5651,251,2255,'2014-01-17 19:38:09','2014-01-17 19:38:09',27.9409,1.79549,1351,63),(5661,241,1565,'2014-01-17 19:38:09','2014-01-17 19:38:09',21.932,2.09284,1351,-62),(5671,231,2951,'2014-01-17 19:38:09','2014-01-17 19:38:09',36.8176,2.43288,1351,-82),(5681,301,751,'2014-01-17 20:40:07','2014-01-17 20:40:07',21.74,4.74131,1361,123),(5691,221,1491,'2014-01-17 20:40:07','2014-01-17 20:40:07',22.048,2.37689,1361,22),(5701,291,-302,'2014-01-17 20:40:07','2014-01-17 20:40:07',9.9768,4.33446,1361,-13),(5711,161,1500,'2014-01-17 20:40:07','2014-01-17 20:40:07',20.9762,1.99055,1361,-8),(5721,161,1515,'2014-01-17 20:40:35','2014-01-17 20:40:35',21.0932,1.97918,1371,15),(5731,301,871,'2014-01-17 20:40:35','2014-01-17 20:40:35',22.4027,4.56243,1371,120),(5741,291,-317,'2014-01-17 20:40:35','2014-01-17 20:40:35',9.42294,4.19846,1371,-15),(5751,221,1481,'2014-01-17 20:40:35','2014-01-17 20:40:35',21.8813,2.35601,1371,-10),(5761,161,1529,'2014-01-17 20:41:04','2014-01-17 20:41:04',21.2027,1.96825,1381,14),(5771,221,1502,'2014-01-17 20:41:04','2014-01-17 20:41:04',22.0364,2.33607,1381,21),(5781,291,-330,'2014-01-17 20:41:04','2014-01-17 20:41:04',8.93077,4.07704,1381,-13),(5791,301,860,'2014-01-17 20:41:04','2014-01-17 20:41:04',21.8215,4.4059,1381,-11),(5801,231,2985,'2014-01-17 21:30:18','2014-01-17 21:30:18',37.0061,2.38394,1391,34),(5811,251,2250,'2014-01-17 21:30:18','2014-01-17 21:30:18',27.8381,1.77724,1391,-5),(5821,271,1638,'2014-01-17 21:40:06','2014-01-17 21:40:06',28.9112,4.17448,1401,379),(5831,191,2034,'2014-01-17 21:40:06','2014-01-17 21:40:06',24.7263,1.45988,1401,-16),(5841,291,40,'2014-01-17 23:16:13','2014-01-17 23:16:13',11.9018,3.83104,1411,370),(5851,321,-525,'2014-01-17 23:16:13','2014-01-17 23:16:13',12.5914,5.94956,1411,-525),(5861,161,1548,'2014-01-20 17:53:06','2014-01-20 17:53:06',21.3239,1.94696,1421,19),(5871,291,46,'2014-01-20 17:53:07','2014-01-20 17:53:07',11.4431,3.65941,1421,6),(5881,161,1564,'2014-01-20 17:53:07','2014-01-20 17:53:07',21.4287,1.92784,1431,16),(5891,291,51,'2014-01-20 17:53:07','2014-01-20 17:53:07',11.0735,3.51991,1431,5),(5901,291,238,'2014-01-20 17:56:38','2014-01-20 17:56:38',12.3871,3.33419,1441,187),(5911,321,-614,'2014-01-20 17:56:38','2014-01-20 17:56:38',8.83986,4.99649,1441,-89),(5921,281,1029,'2014-01-20 17:59:58','2014-01-20 17:59:58',21.4163,3.706,1451,60),(5931,321,-596,'2014-01-20 17:59:58','2014-01-20 17:59:58',8.32122,4.76335,1451,18),(5941,211,1092,'2014-01-20 20:02:02','2014-01-20 20:02:02',17.9159,2.33072,1461,29),(5951,321,-578,'2014-01-20 20:02:02','2014-01-20 20:02:02',7.59348,4.4602,1461,18),(5961,271,1846,'2014-01-20 20:13:09','2014-01-20 20:13:09',30.0055,3.84776,1471,208),(5971,181,1691,'2014-01-20 20:13:09','2014-01-20 20:13:09',23.5537,2.21389,1471,-17),(5981,191,2060,'2014-01-20 20:28:21','2014-01-20 20:28:21',24.9281,1.44083,1481,26),(5991,241,1542,'2014-01-20 20:28:21','2014-01-20 20:28:21',21.518,2.03104,1481,-23),(6001,281,1072,'2014-01-20 21:58:39','2014-01-20 21:58:39',21.6173,3.62936,1491,43),(6011,321,-567,'2014-01-20 21:58:39','2014-01-20 21:58:39',7.30232,4.32513,1491,11),(6021,191,2106,'2014-01-20 22:03:36','2014-01-20 22:03:36',25.352,1.42845,1501,46),(6031,161,1650,'2014-01-20 22:03:36','2014-01-20 22:03:36',22.1864,1.89415,1501,86),(6041,221,1410,'2014-01-20 22:03:36','2014-01-20 22:03:36',20.9245,2.27419,1501,-92),(6051,231,2889,'2014-01-20 22:03:36','2014-01-20 22:03:36',35.8482,2.31802,1501,-96),(6061,191,2150,'2014-01-20 22:04:22','2014-01-20 22:04:22',25.753,1.41648,1511,44),(6071,221,1528,'2014-01-20 22:04:22','2014-01-20 22:04:22',21.9388,2.21735,1511,118),(6081,161,1589,'2014-01-20 22:04:22','2014-01-20 22:04:22',21.4824,1.86237,1511,-61),(6091,231,2802,'2014-01-20 22:04:22','2014-01-20 22:04:22',34.7945,2.25769,1511,-87),(6101,181,1763,'2014-01-21 16:12:00','2014-01-21 16:12:00',24.0572,2.13973,1521,72),(6111,161,1566,'2014-01-21 16:12:00','2014-01-21 16:12:00',21.1259,1.81935,1521,-23),(6121,251,2286,'2014-01-21 16:59:20','2014-01-21 16:59:20',28.0938,1.74418,1531,36),(6131,181,1744,'2014-01-21 16:59:20','2014-01-21 16:59:20',23.6868,2.08004,1531,-19),(6141,161,1605,'2014-01-21 17:26:11','2014-01-21 17:26:11',21.4469,1.79743,1541,39),(6151,221,1588,'2014-01-21 17:26:11','2014-01-21 17:26:11',22.4153,2.17569,1541,60),(6161,191,2133,'2014-01-21 17:26:11','2014-01-21 17:26:11',25.5582,1.40769,1541,-17),(6171,211,1054,'2014-01-21 17:26:11','2014-01-21 17:26:11',17.3895,2.28196,1541,-38),(6181,191,2145,'2014-01-21 20:12:43','2014-01-21 20:12:43',25.6635,1.4025,1551,12),(6191,241,1570,'2014-01-21 20:12:43','2014-01-21 20:12:43',21.7368,2.00975,1551,28),(6201,261,103,'2014-01-21 20:12:43','2014-01-21 20:12:43',12.6303,3.86632,1551,-31),(6211,251,2273,'2014-01-21 20:12:43','2014-01-21 20:12:43',27.9324,1.73161,1551,-13),(6221,251,2297,'2014-01-21 22:30:08','2014-01-21 22:30:08',28.0947,1.70746,1561,24),(6231,241,1560,'2014-01-21 22:30:08','2014-01-21 22:30:08',21.5184,1.97051,1561,-10),(6241,171,3085,'2014-01-21 22:30:34','2014-01-21 22:30:34',37.8128,2.32092,1571,28),(6251,251,2293,'2014-01-21 22:30:34','2014-01-21 22:30:34',28.0156,1.69378,1571,-4),(6261,161,1639,'2014-01-21 22:56:02','2014-01-21 22:56:02',21.7261,1.77737,1581,34),(6271,221,1640,'2014-01-21 22:56:02','2014-01-21 22:56:02',22.8241,2.1382,1581,52),(6281,191,2130,'2014-01-21 22:56:02','2014-01-21 22:56:02',25.4933,1.39453,1581,-15),(6291,211,1022,'2014-01-21 22:56:02','2014-01-21 22:56:02',16.9399,2.23836,1581,-32),(6301,201,490,'2014-01-21 23:00:07','2014-01-21 23:00:07',19.6312,4.90754,1591,144),(6311,321,-564,'2014-01-21 23:00:07','2014-01-21 23:00:07',6.85847,4.16931,1591,3),(6321,291,345,'2014-01-21 23:00:24','2014-01-21 23:00:24',13.0279,3.18957,1601,107),(6331,321,-578,'2014-01-21 23:00:24','2014-01-21 23:00:24',5.85664,3.88166,1601,-14),(6341,171,3091,'2014-01-21 23:10:49','2014-01-21 23:10:49',37.8466,2.30963,1611,6),(6351,221,1640,'2014-01-21 23:10:49','2014-01-21 23:10:49',22.7954,2.12983,1611,0),(6361,221,1680,'2014-01-22 02:39:06','2014-01-22 02:39:06',23.0556,2.08299,1621,40),(6371,211,1010,'2014-01-22 02:39:06','2014-01-22 02:39:06',16.6525,2.18359,1621,-12),(6381,231,2842,'2014-01-22 17:44:38','2014-01-22 17:44:38',35.0418,2.20556,1631,40),(6391,251,2285,'2014-01-22 17:44:38','2014-01-22 17:44:38',27.8763,1.67325,1631,-8),(6401,251,2323,'2014-01-22 20:11:48','2014-01-22 20:11:48',28.1618,1.64068,1641,38),(6411,191,2116,'2014-01-22 20:11:48','2014-01-22 20:11:48',25.2947,1.37699,1641,-14),(6421,221,1749,'2014-01-22 20:18:36','2014-01-22 20:18:36',23.5512,2.01746,1651,69),(6431,161,1615,'2014-01-22 20:18:36','2014-01-22 20:18:36',21.3651,1.73773,1651,-24),(6441,201,1016,'2014-01-22 22:43:00','2014-01-22 22:43:00',22.7204,4.18633,1661,526),(6451,161,1584,'2014-01-22 22:43:00','2014-01-22 22:43:00',20.977,1.70968,1661,-31);
/*!40000 ALTER TABLE `rating_history_events` ENABLE KEYS */;
UNLOCK TABLES;

--
-- Table structure for table `ratings`
--

DROP TABLE IF EXISTS `ratings`;
/*!40101 SET @saved_cs_client     = @@character_set_client */;
/*!40101 SET character_set_client = utf8 */;
CREATE TABLE `ratings` (
  `id` int(11) NOT NULL AUTO_INCREMENT,
  `player_id` int(11) NOT NULL,
  `game_id` int(11) NOT NULL,
  `value` int(11) NOT NULL,
  `pro` tinyint(1) NOT NULL,
  `created_at` datetime NOT NULL,
  `updated_at` datetime NOT NULL,
  `trueskill_mean` float DEFAULT NULL,
  `trueskill_deviation` float DEFAULT NULL,
  PRIMARY KEY (`id`),
  KEY `index_ratings_on_player_id` (`player_id`),
  KEY `index_ratings_on_game_id` (`game_id`)
) ENGINE=InnoDB AUTO_INCREMENT=331 DEFAULT CHARSET=utf8;
/*!40101 SET character_set_client = @saved_cs_client */;

--
-- Dumping data for table `ratings`
--

LOCK TABLES `ratings` WRITE;
/*!40000 ALTER TABLE `ratings` DISABLE KEYS */;
INSERT INTO `ratings` VALUES (161,1,1,1584,0,'2014-01-07 15:44:37','2014-01-22 22:43:00',20.977,1.70968),(171,21,1,3091,0,'2014-01-07 15:44:37','2014-01-21 23:10:49',37.8466,2.30963),(181,101,1,1744,0,'2014-01-07 15:44:37','2014-01-21 16:59:20',23.6868,2.08004),(191,51,1,2116,0,'2014-01-07 15:44:37','2014-01-22 20:11:48',25.2947,1.37699),(201,11,1,1016,0,'2014-01-07 15:44:37','2014-01-22 22:43:00',22.7204,4.18633),(211,61,1,1010,0,'2014-01-07 15:44:38','2014-01-22 02:39:06',16.6525,2.18359),(221,31,1,1749,0,'2014-01-07 15:44:38','2014-01-22 20:18:36',23.5512,2.01746),(231,121,1,2842,0,'2014-01-07 15:44:38','2014-01-22 17:44:38',35.0418,2.20556),(241,131,1,1560,0,'2014-01-07 15:44:38','2014-01-21 22:30:08',21.5184,1.97051),(251,141,1,2323,0,'2014-01-07 15:44:38','2014-01-22 20:11:48',28.1618,1.64068),(261,151,1,103,0,'2014-01-07 15:44:39','2014-01-21 20:12:43',12.6303,3.86632),(271,111,1,1846,0,'2014-01-07 15:44:40','2014-01-20 20:13:09',30.0055,3.84776),(281,41,1,1072,0,'2014-01-07 15:44:40','2014-01-20 21:58:39',21.6173,3.62936),(291,81,1,345,0,'2014-01-07 15:44:40','2014-01-21 23:00:24',13.0279,3.18957),(301,181,1,860,0,'2014-01-07 15:44:44','2014-01-17 20:41:04',21.8215,4.4059),(311,191,1,-192,0,'2014-01-07 15:44:44','2014-01-07 15:44:44',17.0338,6.32045),(321,71,1,-578,0,'2014-01-17 23:16:13','2014-01-21 23:00:24',5.85664,3.88166);
/*!40000 ALTER TABLE `ratings` ENABLE KEYS */;
UNLOCK TABLES;

--
-- Table structure for table `results`
--

DROP TABLE IF EXISTS `results`;
/*!40101 SET @saved_cs_client     = @@character_set_client */;
/*!40101 SET character_set_client = utf8 */;
CREATE TABLE `results` (
  `id` int(11) NOT NULL AUTO_INCREMENT,
  `game_id` int(11) NOT NULL,
  `created_at` datetime NOT NULL,
  `updated_at` datetime NOT NULL,
  PRIMARY KEY (`id`),
  KEY `index_results_on_game_id` (`game_id`)
) ENGINE=InnoDB AUTO_INCREMENT=1671 DEFAULT CHARSET=utf8;
/*!40101 SET character_set_client = @saved_cs_client */;

--
-- Dumping data for table `results`
--

LOCK TABLES `results` WRITE;
/*!40000 ALTER TABLE `results` DISABLE KEYS */;
INSERT INTO `results` VALUES (1,1,'2013-12-17 21:22:36','2013-12-17 21:22:36'),(11,1,'2013-12-17 21:22:52','2013-12-17 21:22:52'),(21,1,'2013-12-18 14:43:52','2013-12-18 14:43:52'),(31,1,'2013-12-18 14:48:10','2013-12-18 14:48:10'),(41,1,'2013-12-18 16:21:04','2013-12-18 16:21:04'),(51,1,'2013-12-18 17:04:55','2013-12-18 17:04:55'),(61,1,'2013-12-18 17:38:49','2013-12-18 17:38:49'),(71,1,'2013-12-18 18:42:18','2013-12-18 18:42:18'),(81,1,'2013-12-18 19:04:47','2013-12-18 19:04:47'),(91,1,'2013-12-18 19:27:46','2013-12-18 19:27:46'),(101,1,'2013-12-18 19:28:21','2013-12-18 19:28:21'),(111,1,'2013-12-18 20:42:20','2013-12-18 20:42:20'),(121,1,'2013-12-18 21:14:16','2013-12-18 21:14:16'),(131,1,'2013-12-18 21:48:59','2013-12-18 21:48:59'),(141,1,'2013-12-18 21:50:08','2013-12-18 21:50:08'),(151,1,'2013-12-18 22:59:31','2013-12-18 22:59:31'),(161,1,'2013-12-19 17:14:26','2013-12-19 17:14:26'),(171,1,'2013-12-19 19:09:32','2013-12-19 19:09:32'),(181,1,'2013-12-19 19:12:00','2013-12-19 19:12:00'),(191,1,'2013-12-19 19:36:10','2013-12-19 19:36:10'),(201,1,'2013-12-19 20:26:58','2013-12-19 20:26:58'),(211,1,'2013-12-19 20:29:02','2013-12-19 20:29:02'),(221,1,'2013-12-19 20:41:22','2013-12-19 20:41:22'),(231,1,'2013-12-19 21:27:51','2013-12-19 21:27:51'),(241,1,'2013-12-19 21:51:50','2013-12-19 21:51:50'),(251,1,'2013-12-19 21:53:47','2013-12-19 21:53:47'),(261,1,'2013-12-19 22:04:12','2013-12-19 22:04:12'),(271,1,'2013-12-19 22:21:01','2013-12-19 22:21:01'),(281,1,'2013-12-19 23:03:23','2013-12-19 23:03:23'),(291,1,'2013-12-20 00:26:08','2013-12-20 00:26:08'),(301,1,'2013-12-20 00:38:45','2013-12-20 00:38:45'),(311,1,'2013-12-20 00:39:12','2013-12-20 00:39:12'),(321,1,'2013-12-20 01:02:41','2013-12-20 01:02:41'),(331,1,'2013-12-20 01:06:29','2013-12-20 01:06:29'),(341,1,'2013-12-20 01:45:23','2013-12-20 01:45:23'),(351,1,'2013-12-20 02:35:55','2013-12-20 02:35:55'),(361,1,'2013-12-20 16:09:31','2013-12-20 16:09:31'),(371,1,'2013-12-20 16:41:37','2013-12-20 16:41:37'),(381,1,'2013-12-20 17:50:03','2013-12-20 17:50:03'),(391,1,'2013-12-20 18:09:28','2013-12-20 18:09:28'),(401,1,'2013-12-20 19:07:23','2013-12-20 19:07:23'),(411,1,'2013-12-20 20:30:42','2013-12-20 20:30:42'),(421,1,'2013-12-20 21:10:28','2013-12-20 21:10:28'),(431,1,'2013-12-20 21:10:36','2013-12-20 21:10:36'),(441,1,'2013-12-23 16:59:17','2013-12-23 16:59:17'),(451,1,'2013-12-23 18:16:46','2013-12-23 18:16:46'),(461,1,'2013-12-23 22:12:46','2013-12-23 22:12:46'),(471,1,'2013-12-23 22:14:53','2013-12-23 22:14:53'),(481,1,'2013-12-26 21:25:47','2013-12-26 21:25:47'),(491,1,'2013-12-26 21:25:55','2013-12-26 21:25:55'),(501,1,'2013-12-26 21:27:18','2013-12-26 21:27:18'),(511,1,'2013-12-27 20:53:13','2013-12-27 20:53:13'),(521,1,'2013-12-27 21:22:34','2013-12-27 21:22:34'),(531,1,'2013-12-27 21:22:42','2013-12-27 21:22:42'),(541,1,'2013-12-27 21:22:57','2013-12-27 21:22:57'),(551,1,'2013-12-30 15:38:12','2013-12-30 15:38:12'),(561,1,'2013-12-30 18:14:22','2013-12-30 18:14:22'),(571,1,'2013-12-30 21:03:01','2013-12-30 21:03:01'),(581,1,'2013-12-30 21:41:26','2013-12-30 21:41:26'),(591,1,'2013-12-30 21:42:29','2013-12-30 21:42:29'),(601,1,'2013-12-31 16:52:17','2013-12-31 16:52:17'),(611,1,'2014-01-02 21:26:05','2014-01-02 21:26:05'),(621,1,'2014-01-02 21:26:43','2014-01-02 21:26:43'),(631,1,'2014-01-02 21:43:50','2014-01-02 21:43:50'),(641,1,'2014-01-02 21:46:41','2014-01-02 21:46:41'),(651,1,'2014-01-02 21:47:08','2014-01-02 21:47:08'),(661,1,'2014-01-02 22:42:04','2014-01-02 22:42:04'),(671,1,'2014-01-03 16:45:49','2014-01-03 16:45:49'),(681,1,'2014-01-03 18:29:09','2014-01-03 18:29:09'),(691,1,'2014-01-03 20:43:22','2014-01-03 20:43:22'),(701,1,'2014-01-03 22:25:58','2014-01-03 22:25:58'),(711,1,'2014-01-03 22:33:46','2014-01-03 22:33:46'),(721,1,'2014-01-03 22:55:18','2014-01-03 22:55:18'),(731,1,'2014-01-03 22:55:34','2014-01-03 22:55:34'),(741,1,'2014-01-06 17:06:29','2014-01-06 17:06:29'),(751,1,'2014-01-06 17:36:48','2014-01-06 17:36:48'),(761,1,'2014-01-06 20:17:03','2014-01-06 20:17:03'),(771,1,'2014-01-06 20:46:26','2014-01-06 20:46:26'),(781,1,'2014-01-06 20:51:50','2014-01-06 20:51:50'),(791,1,'2014-01-06 21:17:51','2014-01-06 21:17:51'),(801,1,'2014-01-06 21:18:05','2014-01-06 21:18:05'),(811,1,'2014-01-06 21:40:10','2014-01-06 21:40:10'),(821,1,'2014-01-06 22:46:48','2014-01-06 22:46:48'),(831,1,'2014-01-06 23:33:42','2014-01-06 23:33:42'),(901,1,'2014-01-07 16:39:52','2014-01-07 16:39:52'),(911,1,'2014-01-07 18:21:14','2014-01-07 18:21:14'),(921,1,'2014-01-07 20:38:21','2014-01-07 20:38:21'),(931,1,'2014-01-07 21:08:50','2014-01-07 21:08:50'),(941,1,'2014-01-07 21:31:17','2014-01-07 21:31:17'),(951,1,'2014-01-07 22:16:59','2014-01-07 22:16:59'),(961,1,'2014-01-07 23:07:15','2014-01-07 23:07:15'),(971,1,'2014-01-07 23:07:35','2014-01-07 23:07:35'),(981,1,'2014-01-07 23:53:25','2014-01-07 23:53:25'),(991,1,'2014-01-08 19:00:46','2014-01-08 19:00:46'),(1001,1,'2014-01-10 00:15:58','2014-01-10 00:15:58'),(1011,1,'2014-01-10 00:29:52','2014-01-10 00:29:52'),(1021,1,'2014-01-10 19:00:13','2014-01-10 19:00:13'),(1031,1,'2014-01-10 19:01:36','2014-01-10 19:01:36'),(1041,1,'2014-01-13 17:17:37','2014-01-13 17:17:37'),(1051,1,'2014-01-13 19:05:47','2014-01-13 19:05:47'),(1061,1,'2014-01-13 20:01:57','2014-01-13 20:01:57'),(1071,1,'2014-01-13 20:35:43','2014-01-13 20:35:43'),(1081,1,'2014-01-13 20:36:54','2014-01-13 20:36:54'),(1091,1,'2014-01-13 20:37:08','2014-01-13 20:37:08'),(1101,1,'2014-01-13 22:57:21','2014-01-13 22:57:21'),(1111,1,'2014-01-14 15:29:28','2014-01-14 15:29:28'),(1121,1,'2014-01-14 20:47:03','2014-01-14 20:47:03'),(1131,1,'2014-01-15 17:09:39','2014-01-15 17:09:39'),(1141,1,'2014-01-15 18:07:27','2014-01-15 18:07:27'),(1151,1,'2014-01-15 18:58:22','2014-01-15 18:58:22'),(1161,1,'2014-01-15 19:31:57','2014-01-15 19:31:57'),(1171,1,'2014-01-15 19:58:15','2014-01-15 19:58:15'),(1181,1,'2014-01-15 20:19:52','2014-01-15 20:19:52'),(1201,1,'2014-01-15 20:20:58','2014-01-15 20:20:58'),(1211,1,'2014-01-15 21:04:26','2014-01-15 21:04:26'),(1221,1,'2014-01-15 21:44:32','2014-01-15 21:44:32'),(1231,1,'2014-01-15 22:20:40','2014-01-15 22:20:40'),(1241,1,'2014-01-15 22:39:13','2014-01-15 22:39:13'),(1251,1,'2014-01-16 14:45:05','2014-01-16 14:45:05'),(1261,1,'2014-01-16 16:38:27','2014-01-16 16:38:27'),(1271,1,'2014-01-16 19:07:33','2014-01-16 19:07:33'),(1281,1,'2014-01-16 21:05:53','2014-01-16 21:05:53'),(1291,1,'2014-01-16 21:06:11','2014-01-16 21:06:11'),(1301,1,'2014-01-17 16:34:48','2014-01-17 16:34:48'),(1311,1,'2014-01-17 16:51:07','2014-01-17 16:51:07'),(1321,1,'2014-01-17 17:03:40','2014-01-17 17:03:40'),(1331,1,'2014-01-17 19:01:29','2014-01-17 19:01:29'),(1341,1,'2014-01-17 19:02:13','2014-01-17 19:02:13'),(1351,1,'2014-01-17 19:38:09','2014-01-17 19:38:09'),(1361,1,'2014-01-17 20:40:07','2014-01-17 20:40:07'),(1371,1,'2014-01-17 20:40:35','2014-01-17 20:40:35'),(1381,1,'2014-01-17 20:41:04','2014-01-17 20:41:04'),(1391,1,'2014-01-17 21:30:18','2014-01-17 21:30:18'),(1401,1,'2014-01-17 21:40:06','2014-01-17 21:40:06'),(1411,1,'2014-01-17 23:16:13','2014-01-17 23:16:13'),(1421,1,'2014-01-20 17:53:06','2014-01-20 17:53:06'),(1431,1,'2014-01-20 17:53:07','2014-01-20 17:53:07'),(1441,1,'2014-01-20 17:56:38','2014-01-20 17:56:38'),(1451,1,'2014-01-20 17:59:58','2014-01-20 17:59:58'),(1461,1,'2014-01-20 20:02:02','2014-01-20 20:02:02'),(1471,1,'2014-01-20 20:13:09','2014-01-20 20:13:09'),(1481,1,'2014-01-20 20:28:21','2014-01-20 20:28:21'),(1491,1,'2014-01-20 21:58:39','2014-01-20 21:58:39'),(1501,1,'2014-01-20 22:03:36','2014-01-20 22:03:36'),(1511,1,'2014-01-20 22:04:22','2014-01-20 22:04:22'),(1521,1,'2014-01-21 16:11:59','2014-01-21 16:11:59'),(1531,1,'2014-01-21 16:59:20','2014-01-21 16:59:20'),(1541,1,'2014-01-21 17:26:11','2014-01-21 17:26:11'),(1551,1,'2014-01-21 20:12:43','2014-01-21 20:12:43'),(1561,1,'2014-01-21 22:30:08','2014-01-21 22:30:08'),(1571,1,'2014-01-21 22:30:34','2014-01-21 22:30:34'),(1581,1,'2014-01-21 22:56:01','2014-01-21 22:56:01'),(1591,1,'2014-01-21 23:00:07','2014-01-21 23:00:07'),(1601,1,'2014-01-21 23:00:24','2014-01-21 23:00:24'),(1611,1,'2014-01-21 23:10:49','2014-01-21 23:10:49'),(1621,1,'2014-01-22 02:39:06','2014-01-22 02:39:06'),(1631,1,'2014-01-22 17:44:38','2014-01-22 17:44:38'),(1641,1,'2014-01-22 20:11:48','2014-01-22 20:11:48'),(1651,1,'2014-01-22 20:18:36','2014-01-22 20:18:36'),(1661,1,'2014-01-22 22:43:00','2014-01-22 22:43:00');
/*!40000 ALTER TABLE `results` ENABLE KEYS */;
UNLOCK TABLES;

--
-- Table structure for table `schema_migrations`
--

DROP TABLE IF EXISTS `schema_migrations`;
/*!40101 SET @saved_cs_client     = @@character_set_client */;
/*!40101 SET character_set_client = utf8 */;
CREATE TABLE `schema_migrations` (
  `version` varchar(255) NOT NULL,
  UNIQUE KEY `unique_schema_migrations` (`version`)
) ENGINE=InnoDB DEFAULT CHARSET=utf8;
/*!40101 SET character_set_client = @saved_cs_client */;

--
-- Dumping data for table `schema_migrations`
--

LOCK TABLES `schema_migrations` WRITE;
/*!40000 ALTER TABLE `schema_migrations` DISABLE KEYS */;
INSERT INTO `schema_migrations` VALUES ('1'),('2'),('20131217154146'),('20131217154722'),('20140107221709'),('3'),('4'),('5'),('6'),('7');
/*!40000 ALTER TABLE `schema_migrations` ENABLE KEYS */;
UNLOCK TABLES;

--
-- Table structure for table `teams`
--

DROP TABLE IF EXISTS `teams`;
/*!40101 SET @saved_cs_client     = @@character_set_client */;
/*!40101 SET character_set_client = utf8 */;
CREATE TABLE `teams` (
  `id` int(11) NOT NULL AUTO_INCREMENT,
  `rank` int(11) DEFAULT NULL,
  `result_id` int(11) DEFAULT NULL,
  `created_at` datetime NOT NULL,
  `updated_at` datetime NOT NULL,
  PRIMARY KEY (`id`)
) ENGINE=InnoDB AUTO_INCREMENT=3341 DEFAULT CHARSET=utf8;
/*!40101 SET character_set_client = @saved_cs_client */;

--
-- Dumping data for table `teams`
--

LOCK TABLES `teams` WRITE;
/*!40000 ALTER TABLE `teams` DISABLE KEYS */;
INSERT INTO `teams` VALUES (1,1,1,'2013-12-17 21:22:36','2013-12-17 21:22:36'),(11,2,1,'2013-12-17 21:22:36','2013-12-17 21:22:36'),(21,1,11,'2013-12-17 21:22:52','2013-12-17 21:22:52'),(31,2,11,'2013-12-17 21:22:52','2013-12-17 21:22:52'),(41,1,21,'2013-12-18 14:43:52','2013-12-18 14:43:52'),(51,2,21,'2013-12-18 14:43:52','2013-12-18 14:43:52'),(61,1,31,'2013-12-18 14:48:10','2013-12-18 14:48:10'),(71,2,31,'2013-12-18 14:48:10','2013-12-18 14:48:10'),(81,1,41,'2013-12-18 16:21:04','2013-12-18 16:21:04'),(91,2,41,'2013-12-18 16:21:04','2013-12-18 16:21:04'),(101,1,51,'2013-12-18 17:04:55','2013-12-18 17:04:55'),(111,2,51,'2013-12-18 17:04:55','2013-12-18 17:04:55'),(121,1,61,'2013-12-18 17:38:49','2013-12-18 17:38:49'),(131,2,61,'2013-12-18 17:38:49','2013-12-18 17:38:49'),(141,1,71,'2013-12-18 18:42:18','2013-12-18 18:42:18'),(151,2,71,'2013-12-18 18:42:18','2013-12-18 18:42:18'),(161,1,81,'2013-12-18 19:04:47','2013-12-18 19:04:47'),(171,2,81,'2013-12-18 19:04:47','2013-12-18 19:04:47'),(181,1,91,'2013-12-18 19:27:46','2013-12-18 19:27:46'),(191,2,91,'2013-12-18 19:27:46','2013-12-18 19:27:46'),(201,1,101,'2013-12-18 19:28:21','2013-12-18 19:28:21'),(211,2,101,'2013-12-18 19:28:21','2013-12-18 19:28:21'),(221,1,111,'2013-12-18 20:42:20','2013-12-18 20:42:20'),(231,2,111,'2013-12-18 20:42:20','2013-12-18 20:42:20'),(241,1,121,'2013-12-18 21:14:16','2013-12-18 21:14:16'),(251,2,121,'2013-12-18 21:14:16','2013-12-18 21:14:16'),(261,1,131,'2013-12-18 21:48:59','2013-12-18 21:48:59'),(271,2,131,'2013-12-18 21:48:59','2013-12-18 21:48:59'),(281,1,141,'2013-12-18 21:50:08','2013-12-18 21:50:08'),(291,2,141,'2013-12-18 21:50:08','2013-12-18 21:50:08'),(301,1,151,'2013-12-18 22:59:31','2013-12-18 22:59:31'),(311,2,151,'2013-12-18 22:59:31','2013-12-18 22:59:31'),(321,1,161,'2013-12-19 17:14:26','2013-12-19 17:14:26'),(331,2,161,'2013-12-19 17:14:26','2013-12-19 17:14:26'),(341,1,171,'2013-12-19 19:09:32','2013-12-19 19:09:32'),(351,2,171,'2013-12-19 19:09:32','2013-12-19 19:09:32'),(361,1,181,'2013-12-19 19:12:00','2013-12-19 19:12:00'),(371,2,181,'2013-12-19 19:12:00','2013-12-19 19:12:00'),(381,1,191,'2013-12-19 19:36:10','2013-12-19 19:36:10'),(391,2,191,'2013-12-19 19:36:10','2013-12-19 19:36:10'),(401,1,201,'2013-12-19 20:26:58','2013-12-19 20:26:58'),(411,2,201,'2013-12-19 20:26:58','2013-12-19 20:26:58'),(421,1,211,'2013-12-19 20:29:02','2013-12-19 20:29:02'),(431,2,211,'2013-12-19 20:29:02','2013-12-19 20:29:02'),(441,1,221,'2013-12-19 20:41:22','2013-12-19 20:41:22'),(451,2,221,'2013-12-19 20:41:22','2013-12-19 20:41:22'),(461,1,231,'2013-12-19 21:27:51','2013-12-19 21:27:51'),(471,2,231,'2013-12-19 21:27:51','2013-12-19 21:27:51'),(481,1,241,'2013-12-19 21:51:50','2013-12-19 21:51:50'),(491,2,241,'2013-12-19 21:51:50','2013-12-19 21:51:50'),(501,1,251,'2013-12-19 21:53:47','2013-12-19 21:53:47'),(511,2,251,'2013-12-19 21:53:47','2013-12-19 21:53:47'),(521,1,261,'2013-12-19 22:04:12','2013-12-19 22:04:12'),(531,2,261,'2013-12-19 22:04:12','2013-12-19 22:04:12'),(541,1,271,'2013-12-19 22:21:01','2013-12-19 22:21:01'),(551,2,271,'2013-12-19 22:21:01','2013-12-19 22:21:01'),(561,1,281,'2013-12-19 23:03:23','2013-12-19 23:03:23'),(571,2,281,'2013-12-19 23:03:23','2013-12-19 23:03:23'),(581,1,291,'2013-12-20 00:26:08','2013-12-20 00:26:08'),(591,2,291,'2013-12-20 00:26:08','2013-12-20 00:26:08'),(601,1,301,'2013-12-20 00:38:45','2013-12-20 00:38:45'),(611,2,301,'2013-12-20 00:38:45','2013-12-20 00:38:45'),(621,1,311,'2013-12-20 00:39:12','2013-12-20 00:39:12'),(631,2,311,'2013-12-20 00:39:12','2013-12-20 00:39:12'),(641,1,321,'2013-12-20 01:02:41','2013-12-20 01:02:41'),(651,2,321,'2013-12-20 01:02:41','2013-12-20 01:02:41'),(661,1,331,'2013-12-20 01:06:29','2013-12-20 01:06:29'),(671,2,331,'2013-12-20 01:06:29','2013-12-20 01:06:29'),(681,1,341,'2013-12-20 01:45:23','2013-12-20 01:45:23'),(691,2,341,'2013-12-20 01:45:23','2013-12-20 01:45:23'),(701,1,351,'2013-12-20 02:35:55','2013-12-20 02:35:55'),(711,2,351,'2013-12-20 02:35:55','2013-12-20 02:35:55'),(721,1,361,'2013-12-20 16:09:31','2013-12-20 16:09:31'),(731,2,361,'2013-12-20 16:09:31','2013-12-20 16:09:31'),(741,1,371,'2013-12-20 16:41:37','2013-12-20 16:41:37'),(751,2,371,'2013-12-20 16:41:38','2013-12-20 16:41:38'),(761,1,381,'2013-12-20 17:50:03','2013-12-20 17:50:03'),(771,2,381,'2013-12-20 17:50:03','2013-12-20 17:50:03'),(781,1,391,'2013-12-20 18:09:28','2013-12-20 18:09:28'),(791,2,391,'2013-12-20 18:09:28','2013-12-20 18:09:28'),(801,1,401,'2013-12-20 19:07:24','2013-12-20 19:07:24'),(811,2,401,'2013-12-20 19:07:24','2013-12-20 19:07:24'),(821,1,411,'2013-12-20 20:30:42','2013-12-20 20:30:42'),(831,2,411,'2013-12-20 20:30:42','2013-12-20 20:30:42'),(841,1,421,'2013-12-20 21:10:28','2013-12-20 21:10:28'),(851,2,421,'2013-12-20 21:10:28','2013-12-20 21:10:28'),(861,1,431,'2013-12-20 21:10:36','2013-12-20 21:10:36'),(871,2,431,'2013-12-20 21:10:36','2013-12-20 21:10:36'),(881,1,441,'2013-12-23 16:59:17','2013-12-23 16:59:17'),(891,2,441,'2013-12-23 16:59:17','2013-12-23 16:59:17'),(901,1,451,'2013-12-23 18:16:46','2013-12-23 18:16:46'),(911,2,451,'2013-12-23 18:16:46','2013-12-23 18:16:46'),(921,1,461,'2013-12-23 22:12:46','2013-12-23 22:12:46'),(931,2,461,'2013-12-23 22:12:46','2013-12-23 22:12:46'),(941,1,471,'2013-12-23 22:14:53','2013-12-23 22:14:53'),(951,2,471,'2013-12-23 22:14:53','2013-12-23 22:14:53'),(961,1,481,'2013-12-26 21:25:47','2013-12-26 21:25:47'),(971,2,481,'2013-12-26 21:25:47','2013-12-26 21:25:47'),(981,1,491,'2013-12-26 21:25:55','2013-12-26 21:25:55'),(991,2,491,'2013-12-26 21:25:55','2013-12-26 21:25:55'),(1001,1,501,'2013-12-26 21:27:18','2013-12-26 21:27:18'),(1011,2,501,'2013-12-26 21:27:18','2013-12-26 21:27:18'),(1021,1,511,'2013-12-27 20:53:13','2013-12-27 20:53:13'),(1031,2,511,'2013-12-27 20:53:13','2013-12-27 20:53:13'),(1041,1,521,'2013-12-27 21:22:34','2013-12-27 21:22:34'),(1051,2,521,'2013-12-27 21:22:34','2013-12-27 21:22:34'),(1061,1,531,'2013-12-27 21:22:42','2013-12-27 21:22:42'),(1071,2,531,'2013-12-27 21:22:42','2013-12-27 21:22:42'),(1081,1,541,'2013-12-27 21:22:57','2013-12-27 21:22:57'),(1091,2,541,'2013-12-27 21:22:57','2013-12-27 21:22:57'),(1101,1,551,'2013-12-30 15:38:12','2013-12-30 15:38:12'),(1111,2,551,'2013-12-30 15:38:12','2013-12-30 15:38:12'),(1121,1,561,'2013-12-30 18:14:22','2013-12-30 18:14:22'),(1131,2,561,'2013-12-30 18:14:22','2013-12-30 18:14:22'),(1141,1,571,'2013-12-30 21:03:01','2013-12-30 21:03:01'),(1151,2,571,'2013-12-30 21:03:01','2013-12-30 21:03:01'),(1161,1,581,'2013-12-30 21:41:26','2013-12-30 21:41:26'),(1171,2,581,'2013-12-30 21:41:26','2013-12-30 21:41:26'),(1181,1,591,'2013-12-30 21:42:30','2013-12-30 21:42:30'),(1191,2,591,'2013-12-30 21:42:30','2013-12-30 21:42:30'),(1201,1,601,'2013-12-31 16:52:17','2013-12-31 16:52:17'),(1211,2,601,'2013-12-31 16:52:17','2013-12-31 16:52:17'),(1221,1,611,'2014-01-02 21:26:05','2014-01-02 21:26:05'),(1231,2,611,'2014-01-02 21:26:05','2014-01-02 21:26:05'),(1241,1,621,'2014-01-02 21:26:43','2014-01-02 21:26:43'),(1251,2,621,'2014-01-02 21:26:43','2014-01-02 21:26:43'),(1261,1,631,'2014-01-02 21:43:50','2014-01-02 21:43:50'),(1271,2,631,'2014-01-02 21:43:50','2014-01-02 21:43:50'),(1281,1,641,'2014-01-02 21:46:41','2014-01-02 21:46:41'),(1291,2,641,'2014-01-02 21:46:41','2014-01-02 21:46:41'),(1301,1,651,'2014-01-02 21:47:08','2014-01-02 21:47:08'),(1311,2,651,'2014-01-02 21:47:08','2014-01-02 21:47:08'),(1321,1,661,'2014-01-02 22:42:04','2014-01-02 22:42:04'),(1331,2,661,'2014-01-02 22:42:05','2014-01-02 22:42:05'),(1341,1,671,'2014-01-03 16:45:49','2014-01-03 16:45:49'),(1351,2,671,'2014-01-03 16:45:49','2014-01-03 16:45:49'),(1361,1,681,'2014-01-03 18:29:09','2014-01-03 18:29:09'),(1371,2,681,'2014-01-03 18:29:09','2014-01-03 18:29:09'),(1381,1,691,'2014-01-03 20:43:22','2014-01-03 20:43:22'),(1391,2,691,'2014-01-03 20:43:22','2014-01-03 20:43:22'),(1401,1,701,'2014-01-03 22:25:58','2014-01-03 22:25:58'),(1411,2,701,'2014-01-03 22:25:58','2014-01-03 22:25:58'),(1421,1,711,'2014-01-03 22:33:46','2014-01-03 22:33:46'),(1431,2,711,'2014-01-03 22:33:46','2014-01-03 22:33:46'),(1441,1,721,'2014-01-03 22:55:18','2014-01-03 22:55:18'),(1451,2,721,'2014-01-03 22:55:19','2014-01-03 22:55:19'),(1461,1,731,'2014-01-03 22:55:34','2014-01-03 22:55:34'),(1471,2,731,'2014-01-03 22:55:34','2014-01-03 22:55:34'),(1481,1,741,'2014-01-06 17:06:29','2014-01-06 17:06:29'),(1491,2,741,'2014-01-06 17:06:29','2014-01-06 17:06:29'),(1501,1,751,'2014-01-06 17:36:48','2014-01-06 17:36:48'),(1511,2,751,'2014-01-06 17:36:48','2014-01-06 17:36:48'),(1521,1,761,'2014-01-06 20:17:03','2014-01-06 20:17:03'),(1531,2,761,'2014-01-06 20:17:03','2014-01-06 20:17:03'),(1541,1,771,'2014-01-06 20:46:26','2014-01-06 20:46:26'),(1551,2,771,'2014-01-06 20:46:26','2014-01-06 20:46:26'),(1561,1,781,'2014-01-06 20:51:50','2014-01-06 20:51:50'),(1571,2,781,'2014-01-06 20:51:50','2014-01-06 20:51:50'),(1581,1,791,'2014-01-06 21:17:51','2014-01-06 21:17:51'),(1591,2,791,'2014-01-06 21:17:51','2014-01-06 21:17:51'),(1601,1,801,'2014-01-06 21:18:05','2014-01-06 21:18:05'),(1611,2,801,'2014-01-06 21:18:05','2014-01-06 21:18:05'),(1621,1,811,'2014-01-06 21:40:10','2014-01-06 21:40:10'),(1631,2,811,'2014-01-06 21:40:10','2014-01-06 21:40:10'),(1641,1,821,'2014-01-06 22:46:48','2014-01-06 22:46:48'),(1651,2,821,'2014-01-06 22:46:48','2014-01-06 22:46:48'),(1661,1,831,'2014-01-06 23:33:42','2014-01-06 23:33:42'),(1671,2,831,'2014-01-06 23:33:42','2014-01-06 23:33:42'),(1801,1,901,'2014-01-07 16:39:52','2014-01-07 16:39:52'),(1811,2,901,'2014-01-07 16:39:52','2014-01-07 16:39:52'),(1821,1,911,'2014-01-07 18:21:14','2014-01-07 18:21:14'),(1831,2,911,'2014-01-07 18:21:14','2014-01-07 18:21:14'),(1841,1,921,'2014-01-07 20:38:21','2014-01-07 20:38:21'),(1851,2,921,'2014-01-07 20:38:21','2014-01-07 20:38:21'),(1861,1,931,'2014-01-07 21:08:50','2014-01-07 21:08:50'),(1871,2,931,'2014-01-07 21:08:50','2014-01-07 21:08:50'),(1881,1,941,'2014-01-07 21:31:18','2014-01-07 21:31:18'),(1891,2,941,'2014-01-07 21:31:25','2014-01-07 21:31:25'),(1901,1,951,'2014-01-07 22:16:59','2014-01-07 22:16:59'),(1911,2,951,'2014-01-07 22:16:59','2014-01-07 22:16:59'),(1921,1,961,'2014-01-07 23:07:15','2014-01-07 23:07:15'),(1931,2,961,'2014-01-07 23:07:15','2014-01-07 23:07:15'),(1941,1,971,'2014-01-07 23:07:35','2014-01-07 23:07:35'),(1951,2,971,'2014-01-07 23:07:35','2014-01-07 23:07:35'),(1961,1,981,'2014-01-07 23:53:25','2014-01-07 23:53:25'),(1971,2,981,'2014-01-07 23:53:25','2014-01-07 23:53:25'),(1981,1,991,'2014-01-08 19:00:46','2014-01-08 19:00:46'),(1991,2,991,'2014-01-08 19:00:46','2014-01-08 19:00:46'),(2001,1,1001,'2014-01-10 00:15:58','2014-01-10 00:15:58'),(2011,2,1001,'2014-01-10 00:15:58','2014-01-10 00:15:58'),(2021,1,1011,'2014-01-10 00:29:52','2014-01-10 00:29:52'),(2031,2,1011,'2014-01-10 00:29:52','2014-01-10 00:29:52'),(2041,1,1021,'2014-01-10 19:00:13','2014-01-10 19:00:13'),(2051,2,1021,'2014-01-10 19:00:13','2014-01-10 19:00:13'),(2061,1,1031,'2014-01-10 19:01:36','2014-01-10 19:01:36'),(2071,2,1031,'2014-01-10 19:01:36','2014-01-10 19:01:36'),(2081,1,1041,'2014-01-13 17:17:37','2014-01-13 17:17:37'),(2091,2,1041,'2014-01-13 17:17:37','2014-01-13 17:17:37'),(2101,1,1051,'2014-01-13 19:05:47','2014-01-13 19:05:47'),(2111,2,1051,'2014-01-13 19:05:47','2014-01-13 19:05:47'),(2121,1,1061,'2014-01-13 20:01:57','2014-01-13 20:01:57'),(2131,2,1061,'2014-01-13 20:01:57','2014-01-13 20:01:57'),(2141,1,1071,'2014-01-13 20:35:43','2014-01-13 20:35:43'),(2151,2,1071,'2014-01-13 20:35:43','2014-01-13 20:35:43'),(2161,1,1081,'2014-01-13 20:36:54','2014-01-13 20:36:54'),(2171,2,1081,'2014-01-13 20:36:54','2014-01-13 20:36:54'),(2181,1,1091,'2014-01-13 20:37:08','2014-01-13 20:37:08'),(2191,2,1091,'2014-01-13 20:37:08','2014-01-13 20:37:08'),(2201,1,1101,'2014-01-13 22:57:21','2014-01-13 22:57:21'),(2211,2,1101,'2014-01-13 22:57:21','2014-01-13 22:57:21'),(2221,1,1111,'2014-01-14 15:29:28','2014-01-14 15:29:28'),(2231,2,1111,'2014-01-14 15:29:28','2014-01-14 15:29:28'),(2241,1,1121,'2014-01-14 20:47:03','2014-01-14 20:47:03'),(2251,2,1121,'2014-01-14 20:47:03','2014-01-14 20:47:03'),(2261,1,1131,'2014-01-15 17:09:39','2014-01-15 17:09:39'),(2271,2,1131,'2014-01-15 17:09:39','2014-01-15 17:09:39'),(2281,1,1141,'2014-01-15 18:07:27','2014-01-15 18:07:27'),(2291,2,1141,'2014-01-15 18:07:27','2014-01-15 18:07:27'),(2301,1,1151,'2014-01-15 18:58:22','2014-01-15 18:58:22'),(2311,2,1151,'2014-01-15 18:58:22','2014-01-15 18:58:22'),(2321,1,1161,'2014-01-15 19:31:57','2014-01-15 19:31:57'),(2331,2,1161,'2014-01-15 19:31:57','2014-01-15 19:31:57'),(2341,1,1171,'2014-01-15 19:58:15','2014-01-15 19:58:15'),(2351,2,1171,'2014-01-15 19:58:15','2014-01-15 19:58:15'),(2361,1,1181,'2014-01-15 20:19:52','2014-01-15 20:19:52'),(2371,2,1181,'2014-01-15 20:19:52','2014-01-15 20:19:52'),(2401,1,1201,'2014-01-15 20:20:58','2014-01-15 20:20:58'),(2411,2,1201,'2014-01-15 20:20:58','2014-01-15 20:20:58'),(2421,1,1211,'2014-01-15 21:04:26','2014-01-15 21:04:26'),(2431,2,1211,'2014-01-15 21:04:26','2014-01-15 21:04:26'),(2441,1,1221,'2014-01-15 21:44:32','2014-01-15 21:44:32'),(2451,2,1221,'2014-01-15 21:44:32','2014-01-15 21:44:32'),(2461,1,1231,'2014-01-15 22:20:40','2014-01-15 22:20:40'),(2471,2,1231,'2014-01-15 22:20:40','2014-01-15 22:20:40'),(2481,1,1241,'2014-01-15 22:39:13','2014-01-15 22:39:13'),(2491,2,1241,'2014-01-15 22:39:13','2014-01-15 22:39:13'),(2501,1,1251,'2014-01-16 14:45:05','2014-01-16 14:45:05'),(2511,2,1251,'2014-01-16 14:45:05','2014-01-16 14:45:05'),(2521,1,1261,'2014-01-16 16:38:27','2014-01-16 16:38:27'),(2531,2,1261,'2014-01-16 16:38:27','2014-01-16 16:38:27'),(2541,1,1271,'2014-01-16 19:07:33','2014-01-16 19:07:33'),(2551,2,1271,'2014-01-16 19:07:33','2014-01-16 19:07:33'),(2561,1,1281,'2014-01-16 21:05:53','2014-01-16 21:05:53'),(2571,2,1281,'2014-01-16 21:05:53','2014-01-16 21:05:53'),(2581,1,1291,'2014-01-16 21:06:11','2014-01-16 21:06:11'),(2591,2,1291,'2014-01-16 21:06:11','2014-01-16 21:06:11'),(2601,1,1301,'2014-01-17 16:34:48','2014-01-17 16:34:48'),(2611,2,1301,'2014-01-17 16:34:48','2014-01-17 16:34:48'),(2621,1,1311,'2014-01-17 16:51:07','2014-01-17 16:51:07'),(2631,2,1311,'2014-01-17 16:51:07','2014-01-17 16:51:07'),(2641,1,1321,'2014-01-17 17:03:40','2014-01-17 17:03:40'),(2651,2,1321,'2014-01-17 17:03:40','2014-01-17 17:03:40'),(2661,1,1331,'2014-01-17 19:01:29','2014-01-17 19:01:29'),(2671,2,1331,'2014-01-17 19:01:29','2014-01-17 19:01:29'),(2681,1,1341,'2014-01-17 19:02:13','2014-01-17 19:02:13'),(2691,2,1341,'2014-01-17 19:02:13','2014-01-17 19:02:13'),(2701,1,1351,'2014-01-17 19:38:09','2014-01-17 19:38:09'),(2711,2,1351,'2014-01-17 19:38:09','2014-01-17 19:38:09'),(2721,1,1361,'2014-01-17 20:40:07','2014-01-17 20:40:07'),(2731,2,1361,'2014-01-17 20:40:07','2014-01-17 20:40:07'),(2741,1,1371,'2014-01-17 20:40:35','2014-01-17 20:40:35'),(2751,2,1371,'2014-01-17 20:40:35','2014-01-17 20:40:35'),(2761,1,1381,'2014-01-17 20:41:04','2014-01-17 20:41:04'),(2771,2,1381,'2014-01-17 20:41:04','2014-01-17 20:41:04'),(2781,1,1391,'2014-01-17 21:30:18','2014-01-17 21:30:18'),(2791,2,1391,'2014-01-17 21:30:18','2014-01-17 21:30:18'),(2801,1,1401,'2014-01-17 21:40:06','2014-01-17 21:40:06'),(2811,2,1401,'2014-01-17 21:40:06','2014-01-17 21:40:06'),(2821,1,1411,'2014-01-17 23:16:13','2014-01-17 23:16:13'),(2831,2,1411,'2014-01-17 23:16:13','2014-01-17 23:16:13'),(2841,1,1421,'2014-01-20 17:53:06','2014-01-20 17:53:06'),(2851,2,1421,'2014-01-20 17:53:06','2014-01-20 17:53:06'),(2861,1,1431,'2014-01-20 17:53:07','2014-01-20 17:53:07'),(2871,2,1431,'2014-01-20 17:53:07','2014-01-20 17:53:07'),(2881,1,1441,'2014-01-20 17:56:38','2014-01-20 17:56:38'),(2891,2,1441,'2014-01-20 17:56:38','2014-01-20 17:56:38'),(2901,1,1451,'2014-01-20 17:59:58','2014-01-20 17:59:58'),(2911,2,1451,'2014-01-20 17:59:58','2014-01-20 17:59:58'),(2921,1,1461,'2014-01-20 20:02:02','2014-01-20 20:02:02'),(2931,2,1461,'2014-01-20 20:02:02','2014-01-20 20:02:02'),(2941,1,1471,'2014-01-20 20:13:09','2014-01-20 20:13:09'),(2951,2,1471,'2014-01-20 20:13:09','2014-01-20 20:13:09'),(2961,1,1481,'2014-01-20 20:28:21','2014-01-20 20:28:21'),(2971,2,1481,'2014-01-20 20:28:21','2014-01-20 20:28:21'),(2981,1,1491,'2014-01-20 21:58:39','2014-01-20 21:58:39'),(2991,2,1491,'2014-01-20 21:58:39','2014-01-20 21:58:39'),(3001,1,1501,'2014-01-20 22:03:36','2014-01-20 22:03:36'),(3011,2,1501,'2014-01-20 22:03:36','2014-01-20 22:03:36'),(3021,1,1511,'2014-01-20 22:04:22','2014-01-20 22:04:22'),(3031,2,1511,'2014-01-20 22:04:22','2014-01-20 22:04:22'),(3041,1,1521,'2014-01-21 16:11:59','2014-01-21 16:11:59'),(3051,2,1521,'2014-01-21 16:12:00','2014-01-21 16:12:00'),(3061,1,1531,'2014-01-21 16:59:20','2014-01-21 16:59:20'),(3071,2,1531,'2014-01-21 16:59:20','2014-01-21 16:59:20'),(3081,1,1541,'2014-01-21 17:26:11','2014-01-21 17:26:11'),(3091,2,1541,'2014-01-21 17:26:11','2014-01-21 17:26:11'),(3101,1,1551,'2014-01-21 20:12:43','2014-01-21 20:12:43'),(3111,2,1551,'2014-01-21 20:12:43','2014-01-21 20:12:43'),(3121,1,1561,'2014-01-21 22:30:08','2014-01-21 22:30:08'),(3131,2,1561,'2014-01-21 22:30:08','2014-01-21 22:30:08'),(3141,1,1571,'2014-01-21 22:30:34','2014-01-21 22:30:34'),(3151,2,1571,'2014-01-21 22:30:34','2014-01-21 22:30:34'),(3161,1,1581,'2014-01-21 22:56:01','2014-01-21 22:56:01'),(3171,2,1581,'2014-01-21 22:56:02','2014-01-21 22:56:02'),(3181,1,1591,'2014-01-21 23:00:07','2014-01-21 23:00:07'),(3191,2,1591,'2014-01-21 23:00:07','2014-01-21 23:00:07'),(3201,1,1601,'2014-01-21 23:00:24','2014-01-21 23:00:24'),(3211,2,1601,'2014-01-21 23:00:24','2014-01-21 23:00:24'),(3221,1,1611,'2014-01-21 23:10:49','2014-01-21 23:10:49'),(3231,2,1611,'2014-01-21 23:10:49','2014-01-21 23:10:49'),(3241,1,1621,'2014-01-22 02:39:06','2014-01-22 02:39:06'),(3251,2,1621,'2014-01-22 02:39:06','2014-01-22 02:39:06'),(3261,1,1631,'2014-01-22 17:44:38','2014-01-22 17:44:38'),(3271,2,1631,'2014-01-22 17:44:38','2014-01-22 17:44:38'),(3281,1,1641,'2014-01-22 20:11:48','2014-01-22 20:11:48'),(3291,2,1641,'2014-01-22 20:11:48','2014-01-22 20:11:48'),(3301,1,1651,'2014-01-22 20:18:36','2014-01-22 20:18:36'),(3311,2,1651,'2014-01-22 20:18:36','2014-01-22 20:18:36'),(3321,1,1661,'2014-01-22 22:43:00','2014-01-22 22:43:00'),(3331,2,1661,'2014-01-22 22:43:00','2014-01-22 22:43:00');
/*!40000 ALTER TABLE `teams` ENABLE KEYS */;
UNLOCK TABLES;
/*!40103 SET TIME_ZONE=@OLD_TIME_ZONE */;

/*!40101 SET SQL_MODE=@OLD_SQL_MODE */;
/*!40014 SET FOREIGN_KEY_CHECKS=@OLD_FOREIGN_KEY_CHECKS */;
/*!40014 SET UNIQUE_CHECKS=@OLD_UNIQUE_CHECKS */;
/*!40101 SET CHARACTER_SET_CLIENT=@OLD_CHARACTER_SET_CLIENT */;
/*!40101 SET CHARACTER_SET_RESULTS=@OLD_CHARACTER_SET_RESULTS */;
/*!40101 SET COLLATION_CONNECTION=@OLD_COLLATION_CONNECTION */;
/*!40111 SET SQL_NOTES=@OLD_SQL_NOTES */;

-- Dump completed on 2014-01-22 22:38:25
